,Dishes,Mapping
561,4寸加高戚风蛋糕,
562,6寸可可蛋糕,
563,爱心煎饭,
564,爱心小熊便当,
565,Amba酱料,
566,鹌鹑蛋炖猪蹄,
567,鹌鹑豆沙螺丝酥,
568,安庆炒米,
569,腌蒜薹,
570,腌糖醋洋姜,
571,奥尔良板烧鸡腿堡,
572,奥尔良鸡腿堡,
573,奥尔良烤翅根,
574,奥尔良烤鸡,
575,奥尔良牛肉汉堡,
576,奥利奥磅蛋糕,
577,奥利奥巧克力蛋糕,
578,奥利奥油条,
579,澳洲莱明顿蛋糕,
580,熬猪油,
581,阿胶牛奶,
582,阿胶雪梨,
583,八宝辣酱,
584,八宝卤鸡,
585,八宝米糊,
586,芭比蛋糕,
587,芭比公主生日蛋糕,
588,巴旦木牛轧糖,
589,拜拜樱桃裸蛋糕,
590,白贝烩丝瓜豆泡,
591,白菜炒虾,
592,白菜翡翠卷,
593,白菜腐竹炒肉,
594,白菜干烧肉,
595,白菜梗炒肉,
596,白菜饺子,
597,白菜鸡蛋汤面,
598,白菜鸡肉炒莜面,
599,白菜韭菜猪肉包子,
600,白菜熘肚片,
601,白菜木耳牛肉片,
602,白菜牛肉粉丝,
603,白菜烧肉丸,
604,白菜炖豆腐,
605,白菜香菇浓汤饺子,
606,白菜猪肉水饺,
607,白菜煮虾潺,
608,白瓜汤,
609,白果豆浆,
610,白果猪肚汤,
611,百合冰糖炖雪梨,
612,百合枸杞豆浆,
613,百合花慕斯蛋糕,
614,百合莲籽粥,
615,百合南瓜焖饭,
616,百合银耳莲子汤,
617,白花菜炒瘦肉,
618,白胡椒奇味虾,
619,白蔻野姜红烧猪蹄,
620,百里香红酒鸡翅,
621,百里香蒸烤鲜虾,
622,白萝卜焖羊蹄,
623,白萝卜排骨汤,
624,白萝卜肉片汤,
625,白萝卜丝汤,
626,白萝卜炖牛筋,
627,白萝卜炖土鸡,
628,白萝卜炖羊劲片,
629,白萝卜馅饼,
630,白萝卜咸菜,
631,白萝卜羊肉卷,
632,白萝卜猪尾汤,
633,白奶酪蔬菜沙拉,
634,白葡萄酒煮贻贝,
635,白切鸡,
636,白切牛肉,
637,白切羊肉,
638,白糖发面饼,
639,白天使巧克力蛋糕,
640,白土司,
641,百香果蜂蜜面包干,
642,百香果鸡尾酒,
643,百香果戚风蛋糕,
644,百香果酸奶,
645,百香果杏桃蛋糕,
646,白玉菇蛋花汤,
647,白玉酿鲜虾,
648,白斩鸡,
649,白灼菜心,
650,白灼腐竹,
651,白灼芥蓝,
652,白灼金针菇,
653,白灼芦笋,
654,白灼虾,
655,白灼鲜虾,
656,棒棒鸡丝,
657,棒棒糖饼干,
658,拌海带白菜丝,
659,斑斓蜜豆卷,
660,拌凉面,
661,板栗红烧肉,
662,板栗鸡块,
663,板栗焖羊肉,
664,板栗仁黑森林蛋糕,
665,板栗烧鸡,
666,板栗烧鸡翅,
667,半烫面烙饼,
668,爆腌萝卜,
669,宝宝饼,
670,宝宝菠菜松饼,
671,暴暴龙菠菜面包,
672,宝宝磨牙饼干,
673,宝宝南瓜粥,
674,包菜炒西红柿,
675,包菜肉片沙拉,
676,爆炒蛤蜊,
677,爆炒鸡胗,
678,爆炒螺蛳,
679,爆炒墨鱼仔,
680,爆炒青椒鱿鱼,
681,爆炒土鸭子,
682,爆炒五彩墨鱼仔,
683,爆炒鸭胗,
684,爆炒鱿鱼,
685,爆炒鱿鱼须,
686,爆炒猪肝,
687,鲍菇豆芽,
688,爆黄瓜,
689,爆浆鸡排,
690,豹纹香蕉蛋糕,
691,煲咸饭,
692,鲍香藕片,
693,鲍汁白萝卜,
694,鲍汁海参捞饭,
695,鲍汁茄子,
696,鲍汁烧茭白,
697,煲仔饭,
698,拔丝地瓜,
699,拔丝红薯,
700,霸王花煲猪腱,
701,巴西椰奶虾,
702,八爪鱼炒荷兰豆,
703,把子肉,
704,北海道杯子蛋糕,
705,北海道戚风蛋糕,
706,北海道曲奇,
707,北海道吐司,
708,贝壳粉起司,
709,备年货之灌腊肠,
710,本帮香酥鸭腿,
711,笨式鸡翅,
712,煸炒花蛤,
713,扁豆,
714,扁尖炖腔骨,
715,编织苹果派,
716,辫子面包,
717,裱花水果蛋糕,
718,裱花酸奶慕斯蛋糕,
719,表情饭团便当,
720,避风塘虾仁,
721,缤纷果榴莲雪糕,
722,缤纷鸡肉卷饼,
723,缤纷立体月饼,
724,缤纷田园披萨,
725,冰种肠仔面包,
726,冰脆巧克力蛋糕,
727,冰花煎饺,
728,冰花饺子,
729,冰花小馄饨,
730,冰梅酱肉丁,
731,冰皮月饼,
732,冰淇淋冰皮月饼,
733,冰爽弹牙冷面,
734,冰糖蜜豆,
735,冰糖炖金桔,
736,冰糖炖雪梨,
737,冰糖炖燕窝,
738,冰糖雪梨,
739,冰糖雪梨羹,
740,冰糖银耳雪梨,
741,冰糖猪蹄,
742,冰镇酸梅汤,
743,荸荠雪梨鸭汤,
744,菠菜拌豆皮,
745,菠菜拌粉丝,
746,菠菜蛋糕,
747,菠菜花纹戚风蛋糕,
748,菠菜鸡蛋卷饼,
749,菠菜鸡蛋汤,
750,菠菜木耳炒蛋,
751,菠菜意面沙拉,
752,菠菜蒸蛋糕,
753,菠菜蒸肉丸,
754,菠菜汁戚风蛋糕,
755,菠菜汁手擀面,
756,菠菜猪腰汤,
757,波点蛋糕卷,
758,柏林花环饼干,
759,玻璃心饼干,
760,菠萝炒饭,
761,菠萝炒鸡腿菇,
762,菠萝饭,
763,菠萝翻转蛋糕,
764,菠萝古老肉,
765,菠萝果酱小面包,
766,菠萝火腿披萨,
767,菠萝鸡,
768,菠萝鸡翅,
769,菠萝鸡丁炒饭,
770,菠萝焗海鲜饭,
771,菠萝培根炒饭,
772,菠萝肉丸,
773,菠萝四喜烤麸,
774,菠萝酸甜排骨,
775,菠萝虾仁,
776,菠萝油条虾,
777,菠萝孜然鸡翅,
778,拨面鱼鱼,
779,鲅鱼饺子,
780,鲅鱼面,
781,鲅鱼虾丸汤,
782,红烧冬瓜,
783,步步高升排骨,
784,扑克牌饼干,
785,补血养颜花果茶,
786,菜豆焖饭,
787,菜豆焖猪蹄,
788,菜干排骨粥,
789,彩虹蛋糕,
790,彩虹裸蛋糕,
791,彩虹鱼,
792,菜花炒胡萝卜,
793,彩绘蛋糕卷,
794,彩椒爆肚片,
795,彩椒炒回锅肉,
796,彩椒炒藕丁,
797,彩椒炒鱿鱼,
798,彩椒酱拌面,
799,彩椒鸡丁,
800,彩椒鸡丝,
801,彩椒凉拌鸡蛋干,
802,彩椒龙利鱼,
803,彩椒牛肉片,
804,菜沫米糊粥,
805,菜圃排骨粥,
806,彩色鸡肉丸子,
807,彩色蔬果沙拉,
808,彩蔬米饭蛋饼,
809,彩蔬奶炖鸡腿肉,
810,菜心炒米饭,
811,菜心炒肉片,
812,菜心五花肉,
813,菜远炒腊肠,
814,餐蛋另类三明治,
815,草莓冰淇淋,
816,草莓彩绘蛋糕卷,
817,草莓蛋糕卷,
818,草莓蛋黄酥,
819,草莓酱吐司,
820,草莓奶昔,
821,草莓奶油蛋糕,
822,草莓奶油蛋糕卷,
823,草莓拿破仑酥,
824,草莓圣诞老人蛋糕,
825,草莓酸奶蛋挞,
826,草莓味冰淇淋,
827,草莓香瓜汁,
828,草莓枣泥松饼,
829,草莓纸杯蛋糕,
830,草莓芝士蛋糕,
831,长帝戚风蛋糕,
832,长颈鹿斑纹蛋糕卷,
833,长颈鹿蛋糕卷,
834,肠仔炒豆角,
835,肠仔蛋炒饭,
836,炒豆干,
837,炒豆芽,
838,炒方便面,
839,炒河粉,
840,炒黄金馒头丁,
841,炒鸡蛋木耳胡萝卜,
842,炒鸡心,
843,炒凉粉,
844,炒面,
845,炒蘑菇,
846,炒三丝,
847,炒蛳螺,
848,炒素,
849,炒酸奶,
850,炒素三丝,
851,炒田螺,
852,炒土豆片,
853,炒土豆丝,
854,炒小白菜,
855,潮州冻肉,
856,叉烧鸡腿煲仔饭,
857,叉烧鸡腿饭,
858,叉烧鸡腿卷,
859,叉烧香葱蛋糕,
860,茶树菇煲鸭汤,
861,茶树菇草鸡汤,
862,茶树菇炒兰豆,
863,茶树菇红烧肉,
864,茶树菇老鸭汤,
865,茶树菇排骨汤,
866,茶树菇炖鸡,
867,茶香鸡腿,
868,茶香熏鸭,
869,茶语花香芝士蛋糕,
870,橙丁磅蛋糕,
871,成都麻辣兔头,
872,橙皮酱小面包,
873,橙皮吐司,
874,橙味糯米戚风蛋糕,
875,橙香磅蛋糕,
876,橙香蛋糕,
877,橙香蛋糕卷,
878,橙香马克杯蛋糕,
879,橙香吐司,
880,橙香鸭肉,
881,陈皮粉葛骨头汤,
882,陈皮红豆沙,
883,陈皮红烧肉,
884,Chimichurri酱,
885,虫草花拌黄瓜木耳,
886,虫草花龙利鱼水饺,
887,虫草花清补汤,
888,虫草花山药猪骨汤,
889,虫草花瘦肉汤,
890,虫草花炖鸡汤,
891,虫草花鲜鸡汤,
892,虫草花鸭汤,
893,虫草花玉米排骨汤,
894,虫草花云吞面,
895,虫草花蒸鸡,
896,虫草花蒸鸡蛋羹,
897,丑耳桃胶羹,
898,串烤大虾,
899,传统苹果派,
900,川味豆瓣鱼,
901,川味粉蒸排骨,
902,穿心莲三杯鸡,
903,纯果蔬饺子,
904,春笋炒腊肉,
905,春笋炒肉丝,
906,春笋尖焖土鸡,
907,春笋焖土鸡,
908,春笋虾丝,
909,醇香摩卡蛋糕,
910,春意盎然蛋糕卷,
911,糍粑鱼,
912,茨菇老鸭汤,
913,茨菇烧排骨,
914,慈姑烧肉,
915,蚝油,
916,蚝油孢子甘蓝,
917,蚝油草菇,
918,蚝油炒平菇,
919,蚝油海鲜菇,
920,蚝油海鲜菇炒牛柳,
921,蚝油黑椒蘑菇,
922,蚝油茭白,
923,蚝油茭白草菇,
924,蚝油芥蓝,
925,蚝油芥兰,
926,蚝油金针菇,
927,蚝油芦笋,
928,蚝油茄汁拌面,
929,蚝油青豆杏鲍菇,
930,蚝油青椒土豆丝,
931,蚝油秋葵,
932,蚝油烧萝卜,
933,蚝油生菜,
934,蚝油土豆片,
935,蚝油西兰花,
936,蚝油杏鲍菇,
937,蚝油油麦菜,
938,蚝汁烧鸡腿,
939,葱拌干笔管鱼,
940,葱爆肉,
941,葱爆小河虾,
942,葱爆羊肉,
943,葱爆羊肉卷,
944,葱花饼,
945,葱花蛋饼,
946,葱花蛋豆苗卷饼,
947,葱花火腿肠面包卷,
948,葱花鸡蛋饼,
949,葱椒羊肉,
950,葱卷,
951,葱烧海参,
952,葱烧牛蹄筋,
953,葱蒜蛋卷炸虾,
954,葱香肠仔面包,
955,葱香豆浆饼,
956,葱香锅饼,
957,葱香花生碎面包,
958,葱香火腿卷,
959,葱香鸡蛋饼,
960,葱香南瓜鸡蛋软饼,
961,葱香牛肉丸,
962,葱香排骨,
963,葱香培根蛋饼,
964,葱香肉饼,
965,葱香薯泥面包,
966,葱香蚕豆,
967,葱香莴苣,
968,葱香鲜肉饼,
969,葱香猪油面,
970,葱香紫甘蓝榨菜酱,
971,葱油拌面,
972,葱油蛋炒饭,
973,葱油蛤蜊,
974,葱油花蛤,
975,葱油淋鱼片,
976,葱油羊肉拌面,
977,葱抓饼,
978,脆底蜂蜜小面包,
979,脆底海鲜披萨,
980,脆底小面包,
981,脆壳华芙饼,
982,脆嫩鱼丁,
983,脆皮蛋糕,
984,脆皮鸡翅,
985,脆皮鸡翅包虾仁,
986,脆皮烤土豆,
987,脆吐司酥,
988,脆香鸡蛋土司,
989,醋溜白菜,
990,醋溜白菜梗,
991,醋烹多宝鱼,
992,醋烹鸡,
993,醋汁,
994,大葱炒鸡心,
995,大葱炝干豆腐丝,
996,大葱土豆丝,
997,大耳朵图图便当,
998,大骨汤,
999,大馄饨,
1000,大酱汤,
1001,大脸猫小面包,
1002,大连香辣烤鱿鱼,
1003,大理石磅蛋糕,
1004,大理石霍夫蛋糕,
1005,大理石戚风蛋糕,
1006,打卤面,
1007,蛋白饼干,
1008,蛋白薄脆饼,
1009,蛋白核桃脆饼,
1010,蛋白华夫饼,
1011,蛋包饭,
1012,蛋餐面,
1013,蛋炒饭,
1014,蛋蛋虾仁,
1015,蛋干炒鸡丁,
1016,蛋糕卷,
1017,蛋糕可可吐司,
1018,当归红糖炖鸡蛋,
1019,当归炖鸡汤,
1020,当西红柿遇上鸡蛋,
1021,单黄白莲蓉月饼,
1022,蛋黄饼干,
1023,蛋黄焗黄瓜,
1024,蛋黄莲蓉广式月饼,
1025,蛋黄奶羹,
1026,蛋黄巧克力派,
1027,蛋黄酥月饼,
1028,蛋黄鲜虾豆腐,
1029,蛋黄小西饼,
1030,蛋黄珍珠丸子,
1031,蛋煎饺,
1032,蛋煎馒头片,
1033,蛋皮蔬菜卷,
1034,蛋筒披萨,
1035,蛋香丝瓜汤,
1036,蛋香小饼干,
1037,刀豆炒肉,
1038,倒笃菜肉片面条,
1039,倒笃菜烧四季豆,
1040,刀切小馒头,
1041,大盘鸡,
1042,大芹,
1043,大蒜炒腊肠,
1044,大象趣味便当,
1045,大嘴怪烤鸡肉汉堡,
1046,德国碱水面包,
1047,灯影川麻回锅肉,
1048,电饼档玉米饼,
1049,电饭锅蛋糕,
1050,电饭锅三杯鸭,
1051,电饭锅蒸蛋糕,
1052,丁香口蘑焖鸭,
1053,低糖板栗月饼,
1054,低糖蛋糕,
1055,低脂南瓜浓汤,
1056,低脂全麦饼干,
1057,低脂杂蔬豆腐派,
1058,东北烤冷面,
1059,东北老式发面饼干,
1060,冬菜肉末糯米蛋卷,
1061,冻豆腐煮圆白菜,
1062,冬瓜汆丸子,
1063,冬瓜大骨汤,
1064,冬瓜豆腐丸子汤,
1065,冬瓜海带排骨汤,
1066,冬瓜黄豆酱拌面,
1067,冬瓜饺子,
1068,冬瓜焖鸡块,
1069,冬瓜排骨汤,
1070,冬瓜肉片,
1071,冬瓜烧酱鸭,
1072,冬瓜烧排骨,
1073,冬瓜炖鸭汤,
1074,冬瓜丸子汤,
1075,冬瓜虾仁翡翠汤,
1076,冬瓜虾仁汤,
1077,冬瓜虾汤,
1078,冬瓜薏米猪骨汤,
1079,冬瓜煮大虾,
1080,冬瓜猪骨玉米汤,
1081,冬菇鸡汤,
1082,冬菇鸡腿,
1083,东坡排骨,
1084,东坡肉,
1085,冬笋爆炒鱿鱼圈,
1086,冬笋炖猪蹄,
1087,豆瓣炒饭便当,
1088,豆瓣酱炒豆角,
1089,豆瓣酱回锅肉,
1090,豆瓣酱烀鸡,
1091,豆瓣烧鱼,
1092,豆腐布丁,
1093,豆腐炒胡萝卜丝,
1094,豆腐干炒空心菜,
1095,豆腐鲫鱼汤,
1096,豆腐料理,
1097,豆腐浓汤,
1098,豆腐泡焖肉片,
1099,豆腐皮烤金针菇,
1100,豆腐肉丸汤,
1101,豆腐烧鲈鱼,
1102,豆腐炖粉条,
1103,豆腐虾皮,
1104,豆腐玉米面饼,
1105,豆腐玉米烧猪蹄,
1106,豆干葱头炒黄瓜,
1107,豆干香菇酱,
1108,豆花牛肉,
1109,豆浆布丁,
1110,豆浆鸡蛋羹,
1111,豆浆机煮绿豆汤,
1112,豆角焖面,
1113,豆角茄子土豆炖肉,
1114,豆角丝炒肉,
1115,豆角土豆炖玉米,
1116,豆角炖土豆,
1117,豆类料理,
1118,豆苗鸡蛋汤,
1119,豆皮结烧肉,
1120,豆乳布丁,
1121,豆乳盒子蛋糕,
1122,豆沙辫子面包,
1123,豆沙蛋黄广式月饼,
1124,豆沙葵花酥,
1125,豆沙玫瑰曲奇,
1126,豆沙面包,
1127,豆沙山药糕,
1128,豆沙酥,
1129,豆沙馅儿南瓜饼,
1130,豆沙陷小熊面包,
1131,豆沙椰蓉小面包,
1132,豆沙一口酥,
1133,豆沙紫薯糯米饼,
1134,豆豉剁辣椒,
1135,豆豉豇豆,
1136,豆豉酱牛肉面,
1137,豆豉酱油蒸肉,
1138,豆豉尖椒,
1139,豆豉腊肉煸花菜,
1140,豆豉鲮鱼油麦菜,
1141,豆豉美人椒,
1142,豆豉肉末豇豆,
1143,豆豉香干,
1144,豆豉鸭掌,
1145,豆豉油麦菜,
1146,豆豉蒸鸡翅,
1147,豆豉蒸排骨,
1148,豆芽肉丝炒饼,
1149,豆芽肉丝炒粉条,
1150,豆渣饼,
1151,豆渣煎饼,
1152,豆渣萝卜丸,
1153,豆渣馒头,
1154,豆渣馒头卷,
1155,豆渣素丸子,
1156,豆渣小饼,
1157,豆渣芝麻酱烧饼,
1158,独家酱香猪蹄,
1159,多彩蛋卷,
1160,多彩蝶蝴面,
1161,多彩曲奇饼干,
1162,剁椒炒花蛤,
1163,剁椒炒西兰花,
1164,剁椒带鱼,
1165,剁椒粉丝娃娃菜,
1166,剁椒红烧鱼,
1167,剁椒胡豆炒鸡蛋,
1168,剁椒凉拌木耳,
1169,剁椒藕片,
1170,剁椒皮蛋豆腐,
1171,剁椒青豆,
1172,剁椒山药,
1173,剁椒虾仁蒸豆腐,
1174,剁椒羊肉酸汤焖面,
1175,剁椒鱼头,
1176,剁椒蒸带鱼,
1177,多味笋干烧肉,
1178,杜仲巴戟排骨汤,
1179,杜仲黑豆猪尾汤,
1180,杜仲猪腰汤,
1181,俄式红酒烤苹果,
1182,法国吐司,
1183,发面小油条,
1184,发面玉米面饼,
1185,方便面汉堡,
1186,芳香烤鸡,
1187,番茄扒带鱼,
1188,番茄菜花,
1189,番茄炒金针菇,
1190,番茄蛋花疙瘩汤,
1191,番茄大虾,
1192,番茄豆腐,
1193,番茄豆腐汤,
1194,番茄豆泡,
1195,番茄疙瘩汤,
1196,番茄烩牛腩,
1197,番茄酱戚风蛋糕,
1198,番茄酱肉丁拌面,
1199,番茄鸡蛋拌面,
1200,番茄鸡蛋挂面,
1201,番茄鸡蛋酱拌面,
1202,番茄鸡蛋面,
1203,番茄鸡蛋乌冬面,
1204,番茄鸡脯肉圆子汤,
1205,番茄鸡片,
1206,番茄鲫鱼汤,
1207,番茄烤肉拌饭,
1208,番茄焖牛排,
1209,番茄泥,
1210,番茄牛肉米线,
1211,番茄牛肉浓汤,
1212,番茄牛肉汤,
1213,番茄牛肉香肠意面,
1214,番茄排骨,
1215,番茄肉酱意粉,
1216,番茄沙司蛋糕,
1217,番茄丝瓜鸡蛋汤,
1218,番茄土豆丝,
1219,番茄土豆炖牛腩,
1220,番茄土豆炖牛肉,
1221,番茄炖牛腩,
1222,番茄炖牛肉,
1223,番茄虾,
1224,蕃茄小排山药汤,
1225,番茄虾皮蛋花汤,
1226,番茄意面,
1227,番茄鱼,
1228,番茄鱼汤,
1229,番石榴奶昔,
1230,翻糖机器猫饼干,
1231,翻糖玫瑰纸杯蛋糕,
1232,法式蛋挞,
1233,法式海绵蛋糕,
1234,法式黑椒烤鱼,
1235,法式蓝带芝心猪排,
1236,法式滤压咖啡,
1237,法式漂浮岛(甜点),
1238,法式苹果卷,
1239,法式苹果派,
1240,法式兔肉糕,
1241,法式重奶酪蛋糕,
1242,翡翠爱心蝴蝶虾,
1243,翡翠白菜饺子,
1244,翡翠白玉羹,
1245,翡翠白玉饺子,
1246,翡翠鸡蛋,
1247,翡翠鸡蛋豆腐,
1248,翡翠水饺,
1249,翡翠虾滑醸竹笋,
1250,翡翠虾仁,
1251,飞鸿熘鱼片,
1252,费南雪蛋糕,
1253,肥牛盖饭,
1254,肥西老母鸡汤,
1255,非油炸土豆可乐饼,
1256,蜂巢蛋糕,
1257,疯狂动物城便当,
1258,凤梨虾仁焗饭,
1259,蜂蜜海绵蛋糕,
1260,蜂蜜千层蛋糕,
1261,蜂蜜桑葚果酱,
1262,蜂蜜鲜橙汁,
1263,蜂蜜柚子茶,
1264,蜂蜜纸杯蛋糕,
1265,丰戚风蛋糕,
1266,风琴茄子,
1267,蜂糖奶油夹心饼,
1268,凤尾虾金银炒饭,
1269,凤尾虾球蒸鱼糕,
1270,凤眼果焖羊肉,
1271,粉皮鸡,
1272,粉色裙摆海绵蛋糕,
1273,粉蒸番茄虾,
1274,粉蒸萝卜丝,
1275,粉蒸泥鳅,
1276,粉蒸牛肉,
1277,粉蒸排骨,
1278,粉蒸茼蒿,
1279,粉爪蒸汤圆,
1280,佛手瓜炒鸡块,
1281,福袋酥,
1282,福鼎肉片,
1283,富贵有余皮蛋豆腐,
1284,福建拗九粥,
1285,伏姜茶,
1286,芙蓉羹,
1287,芙蓉鸡片,
1288,腐乳拌豆角,
1289,腐乳酱鸭,
1290,腐乳鸡翅,
1291,腐乳鸡丁,
1292,腐乳烤土豆,
1293,腐乳蒸鸡,
1294,腐乳汁排骨,
1295,腐乳猪蹄,
1296,阜阳菜疙瘩汤,
1297,福州荔枝肉,
1298,腐竹拌木耳,
1299,腐竹拌芹菜,
1300,腐竹炒冬瓜,
1301,腐竹木耳,
1302,腐竹木耳拌西葫芦,
1303,腐竹木耳烧鸡腿,
1304,富足腐竹卷,
1305,干拌萝卜丝,
1306,干贝鸡丝蛋白羹,
1307,干贝萝卜猪肚汤,
1308,干贝烧冬瓜,
1309,干贝银鱼海米蛋羹,
1310,干煸鲍菇牛肉面,
1311,干煸鲍菇丝,
1312,干煸菜花,
1313,干煸茶树菇,
1314,干煸豆角,
1315,干煸花菜,
1316,干煸豇豆,
1317,干煸椒盐虾米,
1318,干煸牛肉,
1319,干煸牛肉丝,
1320,干煸平菇,
1321,干煸青椒豆腐,
1322,干煸青椒鸡块,
1323,干煸肉丝杏鲍菇,
1324,干煸四季豆,
1325,干煸香辣鱿鱼,
1326,干煸杏鲍菇,
1327,干煸有机菜花,
1328,干煸孜然花菜,
1329,干炒鸡蛋河粉,
1330,干茶树菇烧五花肉,
1331,干豆角烧肉,
1332,感恩节烤鸡,
1333,港式冰皮月饼,
1334,干果磅蛋糕,
1335,干锅菜花,
1336,干锅豆腐,
1337,干果果酱面包,
1338,干锅花菜,
1339,干锅螺蛳鸡,
1340,干锅土豆片,
1341,干果馅面包,
1342,干花菇炒腊肉,
1343,干煎鲳鱼,
1344,干煎豆干,
1345,干豇豆炖脊骨,
1346,干煎黑椒带鱼,
1347,干煎杏鲍菇,
1348,橄榄菜秋葵炒饭,
1349,甘蓝沙拉,
1350,甘蓝丝鸡蛋炒饼,
1351,橄榄油黑椒煎大虾,
1352,橄榄油香煎小土豆,
1353,橄榄油燕麦面包,
1354,橄榄蘸酱,
1355,橄榄猪肺汤,
1356,干烧白菜,
1357,干烧鲈鱼,
1358,干笋孑烧牛腩,
1359,肝脏料理,
1360,干炸带鱼,
1361,干炸小刀鱼,
1362,干炸鱼,
1363,干子烧肉,
1364,高梁叉烧包,
1365,高粱小米豆浆,
1366,高升排骨,
1367,嘎牙鱼炖豆腐,
1368,宫保鸡丁,
1369,宫爆蘑菇鸡,
1370,宫保虾,
1371,宫保杏鲍菇,
1372,宫廷牛肉酥饼,
1373,狗狗翻糖饼干,
1374,枸杞菜鱼骨豆腐汤,
1375,枸杞豆浆,
1376,枸杞酒酿蛋花汤,
1377,枸杞莲藕米香豆浆,
1378,枸杞柠檬茶,
1379,枸杞桑叶肉汁汤,
1380,枸杞小米山药糊,
1381,枸杞银耳羹,
1382,枸杞玉米碴米粥,
1383,枸杞蒸雪梨,
1384,挂面鸡肉丸,
1385,瓜子酥,
1386,古典巧克力蛋糕,
1387,贵妃豆腐,
1388,桂花豆腐,
1389,桂花酒酿丸子,
1390,桂花莲藕,
1391,桂花莲藕羹,
1392,桂花马蹄冰淇淋,
1393,桂花蜜酱,
1394,桂花奶酪布丁,
1395,桂花糯米藕,
1396,桂花糯米枣,
1397,桂花山药,
1398,桂花酸梅汤,
1399,桂花酸奶蛋糕,
1400,桂花桃胶皂米羹,
1401,桂花燕麦糯米饼,
1402,桂花银耳莲子糊,
1403,桂花银耳桃胶羹,
1404,桂皮甜酱,
1405,桂味南瓜派,
1406,桂香糖醋小排,
1407,桂圆红枣奶,
1408,桂圆红枣银耳羹,
1409,桂圆芡实鸡爪汤,
1410,菰米桂花粥,
1411,锅巴辣子鸡,
1412,锅包豆腐,
1413,锅包肉,
1414,果干杂粮粥,
1415,果酱彩色蛋糕卷,
1416,果酱夹心土司,
1417,果酱面包卷,
1418,果酱三明治,
1419,果酱小酥饼,
1420,过江鱼,
1421,裹凉皮,
1422,果仁菠菜,
1423,果仁莜麦吐司,
1424,果仁面包,
1425,果仁酸奶,
1426,果仁吐司,
1427,果肉蛋糕卷,
1428,锅塌豆腐,
1429,果味三杯鸡,
1430,果味水鸭汤,
1431,国宴炒饭,
1432,骨汤扯面,
1433,谷物豆类沙拉,
1434,谷物纸杯蛋糕,
1435,海参炒面,
1436,海参口蘑土鸡汤,
1437,海参小米粥,
1438,海参蒸蛋羹,
1439,海带拌豆芽,
1440,海带芝麻发面饼,
1441,海虹白菜鸡蛋汤,
1442,海陆双拼披萨,
1443,海绵宝宝三明治,
1444,海绵鸡蛋糕,
1445,海绵小蛋糕,
1446,海米冬瓜,
1447,海米烧冬瓜,
1448,海米汤面,
1449,海米香菇焖饭,
1450,海南鸡饭,
1451,海苔薄饼,
1452,海苔老虎便当,
1453,海苔芝士面包,
1454,海豚鸡肉饭,
1455,海味藜麦焖饭,
1456,海鲜糙米木耳粥,
1457,海鲜蛋挞,
1458,海鲜菇炒鸡蛋,
1459,海鲜菇炒肉,
1460,海鲜菇肉丸汤,
1461,海鲜酱烧肉,
1462,海鲜鸡蛋炒秋葵,
1463,海鲜咖喱饭,
1464,海鲜芦笋烩饭,
1465,海鲜汤面,
1466,海鲜味手工包子,
1467,海鲜意大利面,
1468,海鲜一品汤,
1469,蛤蜊丝瓜汤,
1470,蛤蜊芸豆面,
1471,哈密瓜冰淇淋,
1472,杭椒爆鸡胗,
1473,杭椒牛柳,
1474,韩国石锅拌饭,
1475,韩式拌饭,
1476,韩式部队火锅,
1477,韩式炒年糕,
1478,韩式肥牛石锅拌饭,
1479,韩式辣炒鸡肉,
1480,韩式辣炒五花肉,
1481,韩式辣海鲜面,
1482,韩式辣酱拌饭,
1483,韩式辣酱拌鱿鱼,
1484,韩式辣酱爆土豆粉,
1485,韩式辣酱爆鱿鱼,
1486,韩式冷面,
1487,韩式年糕火锅,
1488,韩式泡菜炒饭,
1489,韩式泡菜汤,
1490,韩式泡菜土豆饼,
1491,韩式蔬菜大酱汤,
1492,韩式酸辣鱿鱼拌饭,
1493,韩式炸酱面,
1494,韩式猪骨土豆汤,
1495,豪华台湾香肠披萨,
1496,豪华笑脸便当,
1497,耗油盖汁香菇,
1498,荷包蛋煮挂面,
1499,和风锦鲤烧果子,
1500,和风烧果子,
1501,荷花酥,
1502,黑暗料理煤球蛋糕,
1503,黑布林乳酪派,
1504,黑大头炒猪肉,
1505,黑豆焖牛腩,
1506,黑豆渣馒头,
1507,黑胡椒红酒煎羊排,
1508,黑胡椒鸡肉披萨,
1509,黑胡椒烤五花肉,
1510,黑胡椒烤虾,
1511,黑胡椒烤香菇,
1512,黑胡椒土豆饼,
1513,黑椒大虾干,
1514,黑椒鸡柳炒尖椒,
1515,黑椒鸡肉披萨,
1516,黑椒烤鸡串,
1517,黑椒烤面,
1518,黑椒烤牛排,
1519,黑椒烤虾,
1520,黑椒牛排,
1521,黑椒牛肉丁,
1522,黑椒牛肉脯,
1523,黑椒排骨,
1524,黑椒肉丝意面,
1525,黑椒烧汁杏鲍菇,
1526,黑椒薯片,
1527,黑椒土豆,
1528,黑龙江烤大马哈鱼,
1529,黑米蛋糕,
1530,黑米饭团,
1531,黑米糕,
1532,黑米花卷,
1533,黑米葡萄干发糕,
1534,黑米粥,
1535,黑米紫薯粥,
1536,黑木耳白菜肉骨汤,
1537,黑木耳酱炒鱿鱼,
1538,黑木耳清肠粥,
1539,黑牛肝菌卤肉饭,
1540,黑牛肝菌麻婆豆腐,
1541,黑巧克力板栗蛋糕,
1542,黑巧克力冰淇淋,
1543,黑森林红枣蛋糕,
1544,黑森林裸蛋糕,
1545,黑森林鲜花裸蛋糕,
1546,黑糖蛋黄月饼,
1547,黑天鹅泡芙,
1548,黑鱼骨冬瓜汤,
1549,黑芝麻葱油饼,
1550,黑芝麻大米糕,
1551,黑芝麻蛋黄酥,
1552,黑芝麻核桃饼干,
1553,黑芝麻核桃糊,
1554,黑芝麻核桃酥,
1555,黑芝麻红枣豆浆,
1556,黑芝麻酱,
1557,黑芝麻馒头卷,
1558,黑芝麻面包,
1559,黑芝麻米饭吐司,
1560,黑芝麻奶油芝士,
1561,黑芝麻吐司,
1562,黑芝麻洋葱肉卷,
1563,黑芝麻椰蓉馅面包,
1564,荷兰豆炒鸡肉,
1565,荷兰豆炒腊肉,
1566,荷兰豆炒牛肉,
1567,荷兰豆炒腰果小排,
1568,荷兰豆木耳炒肉,
1569,河南家常豆角卤面,
1570,河南焖面,
1571,核桃桂圆面包,
1572,核桃黑芝麻糊,
1573,核桃红薯米糊,
1574,核桃红糖饼干,
1575,核桃黄油蛋糕,
1576,核桃生日蛋糕,
1577,核桃酥,
1578,核桃酥皮卷,
1579,核桃提子磅蛋糕,
1580,核桃香蕉松饼,
1581,核桃虾仁炒丁,
1582,核桃燕麦米汁,
1583,核桃芝麻糊,
1584,荷叶饼,
1585,荷叶海鲜腊肠蒸饭,
1586,荷叶叫花鸡,
1587,荷叶糯米鸡,
1588,荷叶蒸饭,
1589,荷叶蒸鸡,
1590,盒子蛋糕,
1591,红菜玫瑰花,
1592,红茶蛋糕卷,
1593,红肠炒西兰花,
1594,红肠培根披萨,
1595,红茶甜甜圈蛋糕,
1596,红茶吐司,
1597,红茶紫薯蛋糕卷,
1598,红豆蛋挞,
1599,红豆莜麦粒粥,
1600,红豆黑米圆子粥,
1601,红豆姜撞奶,
1602,红豆莲子汤,
1603,红豆米润豆浆,
1604,红豆牛奶,
1605,红豆千层酥,
1606,红豆沙冰皮月饼,
1607,红豆沙花朵面包,
1608,红豆山楂米糊,
1609,红豆沙酥饼,
1610,红豆松饼,
1611,红豆酥月饼,
1612,红豆汤面条,
1613,红豆小米豆浆,
1614,红豆小米粥,
1615,红豆薏米豆浆,
1616,红豆薏米饭,
1617,红豆薏米汤,
1618,红粉佳人蛋糕,
1619,红粳米杂粮粥,
1620,红烩牛肉,
1621,红烩肉丸,
1622,红火团年鱼,
1623,红椒绿椒炒鸡蛋,
1624,红椒孜然面,
1625,红酒爆醉虾,
1626,红酒醋沙拉,
1627,红酒烤羊排,
1628,红酒麻辣小龙虾,
1629,红酒奶油蛋糕,
1630,红酒烧牛尾,
1631,红酒汁三文鱼,
1632,红酒醉金桔,
1633,红焖大闸蟹,
1634,红焖海虾,
1635,红焖羊蝎子,
1636,红焖羊排,
1637,红焖羊肉,
1638,红米豆腐丸子,
1639,红米虾丸,
1640,红米玉米渣米糊,
1641,红米杂粮饭,
1642,红蘑春笋炒腐竹,
1643,红蘑菇炖肉,
1644,红苹果李子果酱,
1645,红曲奶油蛋糕卷,
1646,红烧鳊鱼,
1647,红烧草菇,
1648,红烧鲳鱼,
1649,红烧茶树菇鸡块,
1650,红烧翅根,
1651,红烧带鱼,
1652,红烧刀鱼,
1653,红烧大排,
1654,红烧冬瓜肉,
1655,红烧鹅肉,
1656,红烧黑鲳鱼,
1657,红烧黄花鱼,
1658,红烧黄鱼,
1659,红烧华子鱼,
1660,红烧酱排骨,
1661,红烧鸡翅,
1662,红烧脊骨,
1663,红烧鸡块,
1664,红烧金昌鱼,
1665,红烧鲫鱼,
1666,红烧鲫鱼豆腐,
1667,红烧鸡爪,
1668,红烧鲤鱼,
1669,红烧罗非鱼,
1670,红烧牛肋排,
1671,红烧牛腩面,
1672,红烧牛肉,
1673,红烧牛肉面,
1674,红烧排骨,
1675,红烧琵琶鸡腿,
1676,红烧茄子,
1677,红烧肉熏鸡蛋,
1678,红烧土豆,
1679,红烧土豆排骨,
1680,红烧武昌鱼,
1681,红烧杏鲍菇,
1682,红烧羊蝎子,
1683,红烧羊排,
1684,红烧羊肉,
1685,红烧鱼,
1686,红烧鱼尾,
1687,红烧肘子,
1688,红烧猪耳朵,
1689,红烧猪肝,
1690,红烧猪肉莲藕丸子,
1691,红烧猪蹄,
1692,红薯巴旦木奶昔,
1693,红薯饼,
1694,红薯大米糊,
1695,红薯豆沙汤圆,
1696,红薯枸杞汤,
1697,红薯焖鸡块,
1698,红薯面包卷,
1699,红薯酥饼,
1700,红薯甜筒,
1701,红薯丸子,
1702,红薯玉米桃酥,
1703,红薯纸杯蛋糕,
1704,红薯芝麻饼,
1705,红薯粥,
1706,红丝绒波点蛋糕卷,
1707,红丝绒蛋糕,
1708,红丝绒蛋糕卷,
1709,红丝绒裸蛋糕,
1710,红丝绒戚风蛋糕,
1711,红糖发面饼,
1712,红糖番薯姜汤,
1713,红糖红枣发糕,
1714,红糖红枣戚风蛋糕,
1715,红糖韭菜盒子,
1716,红糖酒酿饼,
1717,红糖马拉糕,
1718,红糖全麦面包,
1719,红糖酥油烧饼,
1720,红糖小蛋糕,
1721,红糖小米粥,
1722,红糖燕麦饼干,
1723,红糖燕麦芝麻饼干,
1724,红糖纸杯戚风蛋糕,
1725,红糖煮鸡蛋,
1726,红心火龙果蝴蝶面,
1727,红鲟蒸粉丝,
1728,红油拌猪腱肉,
1729,红油豆腐脑,
1730,红油海蜇,
1731,红柚胡萝卜汁,
1732,红油咸鸭蛋,
1733,红枣冰糖燕窝,
1734,红枣蛋糕,
1735,红枣冬菇蒸鸡,
1736,红枣枸杞鲫鱼汤,
1737,红枣枸杞银耳羹,
1738,红枣枸杞蒸滑鸡,
1739,红枣核桃米糊,
1740,红枣红糖蛋糕,
1741,红枣花生酥,
1742,红枣姜茶,
1743,红枣焅肉,
1744,红枣绿豆豆浆,
1745,红枣麦芬蛋糕,
1746,红枣水果蓝莓羹,
1747,红枣小米豆浆,
1748,红枣银耳羹,
1749,红枣玉米小土司,
1750,红枣紫薯小米饭,
1751,猴菇虫草花鸡汤,
1752,厚烧蛋饼,
1753,猴头菇鸡汤,
1754,猴头菇炖牛肉,
1755,花瓣酥,
1756,花菜炒腊肉,
1757,滑蛋虾仁,
1758,花朵杯子小蛋糕,
1759,花朵面包,
1760,花朵米妮蛋糕,
1761,花朵纸杯蛋糕,
1762,华夫饼,
1763,华芙脆蛋卷,
1764,花冠黄油面包,
1765,花菇炖鸡,
1766,花蛤冬瓜汤,
1767,花蛤韭菜汤面,
1768,花蛤丝瓜,
1769,花蛤炖羊肉汤,
1770,花环水果蛋糕,
1771,槐花包子,
1772,槐花饼,
1773,槐花糕,
1774,槐花麦饭,
1775,花椒油凉面,
1776,滑溜鸡片,
1777,滑溜芒果布丁,
1778,滑溜肉片,
1779,话梅排骨,
1780,话梅芸豆,
1781,黄刺鱼炖豆腐,
1782,黄豆海带汤,
1783,黄豆酱海绵蛋糕,
1784,黄豆苦瓜猪骨汤,
1785,黄豆卤牛肉,
1786,黄豆焖野生小鲫鱼,
1787,黄豆糯米松饼,
1788,黄豆炖猪蹄,
1789,黄豆猪脚,
1790,黄豆猪脚汤,
1791,黄豆猪蹄汤,
1792,黄豆煮鱼,
1793,黄瓜拌豆芽,
1794,黄瓜拌牛肉,
1795,黄瓜炒鸡肉,
1796,黄瓜炒牛肉,
1797,黄瓜炒肉,
1798,黄瓜炒猪肉,
1799,黄瓜蛋花汤,
1800,黄瓜花炒鱿鱼,
1801,黄瓜鸡蛋饺子,
1802,黄瓜金针菇卷,
1803,黄瓜卷,
1804,黄瓜焖蟹棒,
1805,黄瓜木耳炒鸡蛋,
1806,皇冠饼干,
1807,黄瓜酿肉,
1808,黄瓜沙拉,
1809,黄桂柿子饼,
1810,黄骨鱼鱼丸,
1811,黄花菜烧冬笋,
1812,黄金炒饭,
1813,黄金大米饼,
1814,黄金蛋包饭,
1815,黄金蛋炒饭,
1816,黄金豆腐,
1817,黄金豆沙卷,
1818,黄金海绵蛋糕,
1819,黄金南瓜饼,
1820,黄金三明治,
1821,黄金土豆饼,
1822,黄金香肠卷,
1823,黄金玉米腊肉丁,
1824,黄金炸猪排,
1825,黄玫瑰面包,
1826,黄焖鸡,
1827,黄焖鸡米饭,
1828,黄焖鸡爪,
1829,黄面糕,
1830,黄芪炖鸡,
1831,黄山烤笋炖鸡汤,
1832,黄桃炒鸡丁,
1833,黄桃蛋挞,
1834,黄桃莲子龟苓膏,
1835,黄桃派,
1836,黄桃茄汁烧排骨,
1837,黄桃沙拉,
1838,黄桃雪糕,
1839,黄桃椰果地瓜丸,
1840,黄油椰蓉面包,
1841,黄鱼煨面,
1842,花呢天使蛋糕,
1843,花片胡萝卜炒莴笋,
1844,花旗参莲藕鸡汤,
1845,花旗参响螺片汤,
1846,花色刀切馒头,
1847,花生黄豆猪蹄汤,
1848,花生酱包饭,
1849,花生酱夹心蛋糕,
1850,花生酱夹心面包卷,
1851,花生酱烤肉串,
1852,花生酱面条,
1853,花生酱南瓜拌面,
1854,花生酱曲奇,
1855,花生酱烧饼,
1856,花生酱芝麻烧饼,
1857,花生腊肠,
1858,花生莲藕猪蹄汤,
1859,花生蔓越莓牛轧糖,
1860,花生奶,
1861,花生仁焖凤爪,
1862,花生肉沫米饭饼,
1863,花生酥,
1864,花生酥饼,
1865,花生炖猪脚,
1866,花生炖猪蹄,
1867,花生小小酥,
1868,花生燕麦酥饼,
1869,花生芝麻糊,
1870,花生芝麻酥,
1871,花束奶油生日蛋糕,
1872,花胶海底椰美肌汤,
1873,花胶炖鸡,
1874,花心丸子,
1875,花样鸡蛋饼,
1876,花样馒头,
1877,花样披萨,
1878,花样寿司,
1879,花样小馒头,
1880,花椰菜奶酪汤,
1881,湖北粉蒸排骨,
1882,湖北粉蒸肉,
1883,蝴蝶蔬菜蛋饼,
1884,,
1885,回锅肉炒软饼,
1886,回锅肉海带丝,
1887,回锅肉藕片,
1888,回锅猪肚,
1889,回锅猪脚,
1890,烩豌豆,
1891,茴香菜饼,
1892,茴香红豆,
1893,茴香烤鸡,
1894,茴香馅饺子,
1895,茴香猪肉水饺,
1896,茴香猪肉馅饼,
1897,胡椒饼,
1898,胡萝卜磅蛋糕,
1899,胡萝卜炒红薯粉条,
1900,胡萝卜黑豆浆,
1901,胡萝卜黑加仑土司,
1902,胡萝卜花环面包,
1903,胡萝卜饺子,
1904,胡萝卜鸡蛋煎饼,
1905,胡萝卜鸡蛋面,
1906,胡萝卜馒头,
1907,胡萝卜柠檬蛋糕,
1908,胡萝卜牛筒骨汤,
1909,胡萝卜培根土豆饼,
1910,胡萝卜苹果汁,
1911,胡萝卜清甜寿司,
1912,胡萝卜秋葵鸡蛋饼,
1913,胡萝卜肉末粥,
1914,胡萝卜山药鲫鱼汤,
1915,胡萝卜烧牛腩,
1916,胡萝卜素丸子,
1917,胡萝卜土豆酿鸡翅,
1918,胡萝卜土豆排骨,
1919,胡萝卜土豆炖牛肉,
1920,胡萝卜土豆香菇汁,
1921,胡萝卜丸子,
1922,胡萝卜香酥肉饼,
1923,胡萝卜虾皮饼,
1924,胡萝卜羊肉炒鸡蛋,
1925,胡萝卜玉米鸡蛋饼,
1926,葫芦娃便当,
1927,湖南小炒肉,
1928,混搭酱料炒年糕,
1929,婚嫁糖霜饼干,
1930,火焙鱼,
1931,火锅粉,
1932,火锅鸡,
1933,火炬冰激凌蛋糕,
1934,火龙果冰激凌,
1935,火龙果奶油蛋糕卷,
1936,火龙果皮手擀面,
1937,火龙果皮汁,
1938,火龙果酸奶,
1939,火腿彩椒披萨,
1940,火腿肠馒头卷,
1941,火腿炒饭,
1942,火腿蛋饼卷,
1943,火腿花环面包,
1944,火腿烤法片,
1945,火腿面包卷,
1946,火腿披萨,
1947,火腿青椒吐司披萨,
1948,火腿寿司,
1949,火腿薯条,
1950,火腿虾仁黄金炒饭,
1951,火腿蒸鲈鱼,
1952,火腿芝士烤土豆片,
1953,火腿芝士披萨,
1954,藿香饼,
1955,虎皮蛋糕卷,
1956,虎皮尖椒,
1957,虎皮扣肉,
1958,虎皮青椒,
1959,虎皮蒸凤爪,
1960,Jachnun糕点,
1961,家常鲅鱼,
1962,家常炒蛋,
1963,家常炒酱,
1964,家常炒面,
1965,家常葱花饼,
1966,家常豆瓣鲫鱼,
1967,家常豆腐,
1968,家常红烧鱼,
1969,家常饺子,
1970,家常鸡米线,
1971,家常烤蛋糕,
1972,家常烤排骨,
1973,家常腊肉,
1974,家常美味番茄意面,
1975,家常美味手撕茄子,
1976,家常肉饼,
1977,家常肉丸,
1978,家常臊子面,
1979,家常烧大排,
1980,家常什锦炒饭,
1981,家常汤面,
1982,家常土豆焖鸡块,
1983,家常香脆煎饺,
1984,家常小炒鸡,
1985,家常小炒肉,
1986,家常西葫芦,
1987,家常炸糕,
1988,家传秘制卤牛肉,
1989,家乐鸡粉黄花鱼,
1990,家里蹲便当,
1991,煎饼果子,
1992,煎炒小河虾,
1993,煎翅扒西兰花,
1994,煎蛋白虾仁汤,
1995,简单快手小油条,
1996,简单小鸡汤,
1997,减肥沙拉,
1998,酱爆荸荠,
1999,酱爆蛏子,
2000,姜爆回锅排骨,
2001,酱爆鸡丁,
2002,酱爆螺蛳,
2003,酱爆茄子,
2004,酱爆猪肝,
2005,酱炒肉丝,
2006,豇豆,
2007,豇豆炒腊肉,
2008,豇豆干蒸排骨,
2009,豇豆火腿炒饭,
2010,豇豆腊肠饭,
2011,豇豆焖饼,
2012,豇豆猪肉烫面饺子,
2013,酱凤爪,
2014,酱烤煎豆腐,
2015,酱烤鱿鱼,
2016,酱淋香脆豆腐,
2017,酱焖比目鱼,
2018,酱焖牛板筋脆骨,
2019,酱焖茄子,
2020,酱焖鸭,
2021,酱焖鸦片鱼,
2022,酱牛筋,
2023,酱腔骨,
2024,酱肉冬笋炒芹菜,
2025,酱烧菜花,
2026,酱烧大黄鱼,
2027,酱烧鲤鱼,
2028,酱烧香菇鸡腿,
2029,姜豉炒饭,
2030,姜糖圣诞树饼干,
2031,酱炖茄子,
2032,坚果饼干,
2033,坚果冰淇淋,
2034,坚果炒饭,
2035,坚果酸奶,
2036,酱香豆腐,
2037,酱香黄豆,
2038,酱香烤玉米,
2039,酱香糯米卷,
2040,酱香皮皮虾,
2041,酱香什锦炒面,
2042,酱香小炒肉,
2043,酱油炒意粉,
2044,酱油醋鱼,
2045,酱油蛋炒饭,
2046,酱油南瓜饭,
2047,姜枣山楂苹果汤,
2048,酱汁菠菜,
2049,酱汁脆香豆腐,
2050,酱汁淮山,
2051,酱汁三文鱼头,
2052,姜撞奶,
2053,煎饺,
2054,尖椒扁豆丝,
2055,尖椒炒豆腐皮,
2056,尖椒炒鸡肚,
2057,尖椒炒墨鱼,
2058,尖椒炒肉,
2059,尖椒炒三文鱼,
2060,尖椒炒猪肺,
2061,尖椒干豆腐,
2062,尖椒火腿炒荷兰豆,
2063,尖椒酿肉,
2064,尖椒猪肉炒茄子,
2065,煎鸡翅,
2066,健康酸奶,
2067,健康油条,
2068,煎烤多味虾,
2069,煎酿菜卷,
2070,煎酿秋葵,
2071,煎牛仔骨雪花牛排,
2072,煎烹口蘑,
2073,煎烧雷鱼,
2074,简易油爆虾,
2075,煎蒸大黄鱼,
2076,煎孜然鸡翅,
2077,茭白煸肉,
2078,茭白炒腊牛肉,
2079,茭白炒牛肉,
2080,茭白炒肉丝,
2081,茭白肚片,
2082,茭白三丝,
2083,茭白笋煸肉,
2084,角瓜鸡蛋,
2085,焦溜豆腐,
2086,椒麻牛肉,
2087,椒丝腐竹,
2088,焦糖百香果布丁,
2089,焦糖饼干香蕉沙拉,
2090,焦糖菠萝反转蛋糕,
2091,焦糖布丁,
2092,焦糖糯米藕,
2093,焦糖苹果派,
2094,焦糖葡萄干小蛋糕,
2095,焦糖香蕉派,
2096,焦糖芯糖霜饼干,
2097,椒香煎饼,
2098,椒香鸡翅,
2099,椒香鱼丝,
2100,椒盐葱油酥饼,
2101,椒盐带鱼,
2102,椒盐大虾,
2103,椒盐发面饼,
2104,椒盐花卷,
2105,椒盐花生米,
2106,椒盐濑尿虾,
2107,椒盐麻酱烧饼,
2108,椒盐烧饼,
2109,椒盐手抓饼,
2110,椒盐油酥饼,
2111,椒盐玉米,
2112,椒盐芝麻饼,
2113,椒盐芝麻酥饼,
2114,浇油韭菜肉丝面,
2115,浇汁茄子,
2116,浇汁肉丸,
2117,饺子皮葱油饼,
2118,饺子皮油泼面,
2119,家烧粉丝小黄鱼,
2120,夹沙香甜土司,
2121,家庭烤肉,
2122,夹心豆腐炒肉,
2123,夹心泡芙,
2124,加州火腿卷饼,
2125,鸡翅包饭,
2126,鸡翅焖土豆,
2127,基础戚风蛋糕,
2128,鸡蛋抱饺子,
2129,鸡蛋布丁,
2130,鸡蛋炒虾仁,
2131,鸡蛋干炒黄豆芽,
2132,鸡蛋干炒火腿片,
2133,鸡蛋干时蔬沙拉,
2134,鸡蛋疙瘩汤,
2135,鸡蛋羹,
2136,鸡蛋海绵蛋糕,
2137,鸡蛋火腿沙拉,
2138,鸡蛋煎饼,
2139,鸡蛋酱,
2140,鸡蛋酱拌面,
2141,鸡蛋煎馄饨,
2142,鸡蛋尖椒炒西红柿,
2143,鸡蛋煎饺子,
2144,鸡蛋韭菜盒子,
2145,鸡蛋壳布丁,
2146,鸡蛋泡菜波纹面,
2147,鸡蛋披萨,
2148,鸡蛋肉松汉堡,
2149,鸡蛋软饼,
2150,鸡蛋沙拉煎饼卷,
2151,鸡蛋烧凉粉,
2152,鸡蛋瘦肉卷,
2153,鸡蛋素炒秋葵,
2154,鸡蛋土豆丝饼,
2155,鸡蛋香肠芝麻饼,
2156,鸡蛋西红柿,
2157,鸡蛋杂蔬沙拉,
2158,鸡蛋炸酱面,
2159,鸡丁炒土豆,
2160,芥菜瘦肉粥,
2161,芥菜咸蛋汤,
2162,节瓜鱼头豆腐汤,
2163,芥蓝炒牛肉,
2164,芥末蚝油生菜,
2165,芥末羊肉串,
2166,脊骨土豆汤,
2167,脊骨炖胡萝卜,
2168,挤挤小面包,
2169,鸡块炖甜玉米,
2170,金袋子蛋包饭,
2171,经典老式蛋糕,
2172,经典香草冰淇淋,
2173,京糕梨丝,
2174,京酱肉丝,
2175,金钩白菜,
2176,金钩海米蒸冬瓜,
2177,金钩丝瓜,
2178,晋江紫菜酥,
2179,金桔果酱,
2180,金牌煎饺,
2181,金牌沙拉,
2182,金枪鱼黄瓜三明治,
2183,金枪鱼鸡蛋沙拉,
2184,金枪鱼馒头汉堡,
2185,金枪鱼泡菜炒饭,
2186,金枪鱼披萨,
2187,金枪鱼土豆丸,
2188,金枪鱼紫菜包饭,
2189,金丝盘虾,
2190,金丝肉松酥,
2191,金丝肉松酥饼,
2192,金丝沙拉凤尾虾,
2193,金丝酥香带鱼,
2194,锦绣四喜丁,
2195,金银满仓松仁玉米,
2196,金银蒜粉丝蒸虾,
2197,金玉满堂藜麦丸子,
2198,金玉满堂龙利鱼,
2199,金针菜炖五花肉,
2200,金针炒肥牛,
2201,金针菇炒蛋,
2202,金针菇炒油麦菜,
2203,金针菇肥牛卷,
2204,金针菇肥牛汤,
2205,金针菇海鲜炖豆腐,
2206,金针菇泡菜鸡腿汤,
2207,金针菇培根卷,
2208,金针菇蒜蓉开背虾,
2209,金针菇蒸牛肉,
2210,金针培根卷,
2211,鸡排三明治,
2212,鸡片炒黄瓜,
2213,机器猫卡通蛋糕,
2214,吉庆有余寿司饭团,
2215,鸡肉炒洋葱,
2216,鸡肉焗饭,
2217,鸡肉辣椒酱,
2218,鸡肉米粉,
2219,鸡肉烧麦,
2220,鸡肉蒜苔炒豆干,
2221,鸡肉香菇饺子,
2222,鸡丝豆角焖面,
2223,鸡丝豆苗,
2224,鸡丝酱拌面,
2225,鸡丝凉面,
2226,鸡丝粥,
2227,姬松茸清鸡汤,
2228,鸡汤蛋花汤,
2229,鸡汤肉丝面,
2230,鸡腿炒西兰花,
2231,鸡腿煨南瓜,
2232,韭菜包子,
2233,韭菜炒蛋,
2234,韭菜炒豆干,
2235,韭菜炒海螺,
2236,韭菜炒河虾,
2237,韭菜炒花蛤,
2238,韭菜炒鸡蛋,
2239,韭菜炒香干,
2240,韭菜豆腐干肉丝,
2241,韭菜粉丝鸡蛋饼,
2242,韭菜花炒北极虾仁,
2243,韭菜花炒猪舌,
2244,韭菜鸡蛋包子,
2245,韭菜鸡蛋饼,
2246,韭菜鸡蛋炒饭,
2247,韭菜鸡蛋炒粉丝,
2248,韭菜鸡蛋饺子,
2249,韭菜鸡蛋三鲜包子,
2250,韭菜鸡蛋水饺,
2251,韭菜鸡蛋虾仁饺子,
2252,韭菜烙饼,
2253,韭菜肉饺子,
2254,韭菜三鲜馅饼,
2255,韭菜素包子,
2256,韭菜素饺子,
2257,韭菜香糕炒花菜,
2258,韭菜虾皮炒蚕豆,
2259,韭菜虾仁猪肉水饺,
2260,韭菜芽炒千张,
2261,韭黄炒蛋,
2262,韭黄炒鸡蛋,
2263,韭黄炒午餐肉,
2264,酒酿猪蹄,
2265,韭苔炒牛肉,
2266,酒香暴腌鸡,
2267,韭香黃金米饼,
2268,酒香叫花鸡,
2269,酒香排骨,
2270,酒香鲜辣红焖羊排,
2271,酒香紫苏炒蛤蜊,
2272,酒蒸蛤蜊,
2273,酒汁醉虾,
2274,鸡尾酒风味凉粉,
2275,鸡尾酒杂果冷面,
2276,吉祥锦鲤汤圆,
2277,鸡胸肉可乐饼,
2278,鸡胸肉烧绿豆粉丝,
2279,鲫鱼豆腐汤,
2280,鲫鱼火锅,
2281,鲫鱼汤,
2282,鸡汁百叶包肉,
2283,鸡汁豆腐串,
2284,鸡爪炒青瓜,
2285,鸡爪黄豆汤,
2286,卷饼,
2287,眷村牛肉面,
2288,绝世巧克力蛋糕,
2289,鳜鱼萝卜丝酸辣汤,
2290,菊花花卷,
2291,菊花茄子,
2292,君叠菜煮波纹面,
2293,菌菇靓汤火锅,
2294,菌菇母鸡汤,
2295,菌菇清炖童子鸡,
2296,菌菇滋补养生汤,
2297,军舰寿司,
2298,焗生蚝,
2299,鞠式祖传油闷大虾,
2300,焗香菇串,
2301,橘香烤肉,
2302,局猪蹄,
2303,橘子果酱,
2304,开背糖醋大虾,
2305,开屏武昌鱼,
2306,开胃番茄鱼片汤,
2307,开心萝卜蛋糕,
2308,开洋炒白菜,
2309,咔咔鲜虾片,
2310,咖喱菜花炒胡萝卜,
2311,咖喱炒饭,
2312,咖喱大虾墨汁面,
2313,咖喱豆腐,
2314,咖喱饭,
2315,咖喱海苔小肉酥,
2316,咖喱鸡饭,
2317,咖喱鸡肉炊饭,
2318,咖喱鸡肉饭,
2319,咖喱鸡肉土豆,
2320,咖喱鸡腿饭,
2321,咖喱栗子烧鸡翅,
2322,咖喱牛腩,
2323,咖喱牛肉,
2324,咖喱牛丸,
2325,咖喱浓情蛤蜊,
2326,咖喱蒜苔炒虾仁,
2327,咖喱土豆,
2328,咖喱土豆胡萝卜,
2329,咖喱土豆牛腩,
2330,咖喱乌冬面,
2331,咖喱虾,
2332,咖喱鱼丸,
2333,咖喱猪肉饭,
2334,看电视便当,
2335,烤板栗,
2336,烤鲅鱼,
2337,烤肠披萨,
2338,烤蛋糕卷,
2339,烤麸白菜海带汤,
2340,烤干虾,
2341,烤红薯,
2342,烤红薯干,
2343,烤鸡翅土豆,
2344,烤鸡肉沙拉,
2345,烤韭菜盒子,
2346,烤冷面,
2347,烤栗子,
2348,烤罗勒薯条,
2349,烤馒头,
2350,烤牛肉糜茄子,
2351,烤肉拌饭,
2352,烤肉蛋菜卷,
2353,烤肉排,
2354,烤三黄鸡,
2355,烤沙茶鸭腿,
2356,烤薯条,
2357,烤五花肉,
2358,烤香菜,
2359,烤香菇,
2360,烤箱烤肉,
2361,烤香辣鸡腿,
2362,烤小土豆,
2363,烤羊排,
2364,烤鱿鱼,
2365,烤猪肉串,
2366,烤猪蹄,
2367,咖啡饼干,
2368,咖啡冰淇淋,
2369,咖啡核桃蛋糕,
2370,咖啡核桃酥饼,
2371,咖啡核桃吐司,
2372,咖啡鸡尾酒,
2373,咖啡面包,
2374,咖啡奶香面包,
2375,咖啡戚风蛋糕,
2376,咖啡曲奇,
2377,咖啡乳酪泡芙,
2378,咖啡绣球饼,
2379,客家梅菜香芋扣肉,
2380,客家素酿豆腐,
2381,可可杯子蛋糕,
2382,可可蛋糕卷,
2383,可可淡奶油曲奇,
2384,可可风味杯子蛋糕,
2385,可可裸蛋糕,
2386,可可螺旋卷,
2387,可可螺旋面包,
2388,可可奶冻蛋糕卷,
2389,可可奶油蛋糕,
2390,可可奶油蛋糕卷,
2391,可可戚风蛋糕,
2392,可可戚風蛋糕,
2393,可可曲奇,
2394,可可扇贝蛋糕,
2395,可可酥皮泡芙,
2396,可可糖霜蛋糕,
2397,可乐鸡翅,
2398,可乐鸡腿,
2399,可乐柠檬排骨,
2400,可乐排骨,
2401,可颂汉堡,
2402,空煎明虾,
2403,孔雀开屏鱼,
2404,空心菜炒年糕,
2405,空炸花生米,
2406,空炸熏鱼,
2407,口袋面包,
2408,口袋吐司,
2409,口蘑肚片,
2410,口蘑烤牛肉,
2411,口蘑青红椒披萨,
2412,口水鸡,
2413,口水鱼片,
2414,口味鸡,
2415,快餐粉丝面,
2416,快手红烧肉,
2417,快手馄饨,
2418,快手卤蛋,
2419,快手披萨,
2420,快手汤面,
2421,快手土豆粉,
2422,快手香甜番薯干,
2423,快手小黄人蛋糕卷,
2424,快手紫薯银耳羹,
2425,快速腌酸菜,
2426,垮炖三黄鸡,
2427,裤带面,
2428,苦瓜炒大肠,
2429,苦瓜炒蛋,
2430,苦瓜炒鸡蛋,
2431,苦瓜炒肉,
2432,苦瓜炒五花肉,
2433,苦瓜炒香肠,
2434,苦瓜炒虾仁,
2435,苦瓜黄豆汤,
2436,苦瓜黄豆猪骨汤,
2437,苦瓜回锅肉,
2438,苦瓜鸡蛋炒饭,
2439,苦瓜酿肉,
2440,苦瓜排骨汤,
2441,苦瓜肉丁,
2442,苦瓜肉汤,
2443,苦瓜肉丸汤,
2444,苦瓜镶肉,
2445,葵花豆沙酥,
2446,苦菊金针菇拌干丝,
2447,苦菊银耳沙拉,
2448,苦蕌鸭掌汤,
2449,苦藠棒骨汤,
2450,苦藠猪肚鸭掌汤,
2451,辣白菜炒五花肉,
2452,辣白菜蛋炒饭,
2453,辣白菜鸡汤,
2454,辣白菜炖年糕,
2455,辣爆方便面,
2456,腊八粥,
2457,腊肠煲仔饭,
2458,腊肠炒白菜,
2459,腊肠炒荷兰豆,
2460,腊肠炒芦笋,
2461,腊肠炒蒜苗,
2462,腊肠炒蒜薹,
2463,腊肠蛋炒饭,
2464,腊肠豆角焖饭,
2465,腊肠粉丝娃娃菜,
2466,腊肠焖饭,
2467,腊肠披萨,
2468,腊肠土豆丝,
2469,腊肠香菇炒饭,
2470,腊肠玉米浓汤,
2471,辣炒菜丝,
2472,辣炒蛤蜊,
2473,辣炒花蛤,
2474,辣炒鸡丁,
2475,辣炒鸡丝,
2476,辣炒牛排骨,
2477,辣炒千张,
2478,辣炒熏干,
2479,辣炒鸭脯肉,
2480,腊方炖萝卜,
2481,拉花轻乳酪蛋糕,
2482,莱明顿蛋糕,
2483,辣酱拌牛肉,
2484,辣酱炒鸡,
2485,辣椒炒鸡,
2486,辣椒炒肉,
2487,辣椒炒肉面,
2488,辣椒炒鱼卷,
2489,辣椒炒猪肝,
2490,辣椒煎鸡蛋,
2491,辣椒孜然烤偏口鱼,
2492,浪漫玫瑰花煎饺,
2493,浪漫巧克力曲奇,
2494,朗姆葡萄磅蛋糕,
2495,朗姆葡萄椰蓉饼干,
2496,狼牙土豆,
2497,蓝莓冰激凌,
2498,蓝莓冰淇淋,
2499,蓝莓布丁,
2500,蓝莓果酱蛋糕卷,
2501,蓝莓鸡尾酒,
2502,蓝莓慕斯蛋糕,
2503,蓝莓年糕,
2504,蓝莓柠檬磅蛋糕,
2505,蓝莓糯米纸杯蛋糕,
2506,蓝莓戚风蛋糕,
2507,蓝莓山药,
2508,蓝莓酸奶,
2509,蓝莓芝士慕斯蛋糕,
2510,懒人蛋挞,
2511,懒人花蛤,
2512,懒人椰香辣咖喱饭,
2513,懒人制作酥皮泡芙,
2514,兰州拉面,
2515,老北京打卤面,
2516,老北京鸡肉卷,
2517,老北京烤肉,
2518,老北京麻酱烧饼,
2519,老北京烧饼,
2520,老北京涮火锅,
2521,老干妈拌青瓜,
2522,老干妈炒田鸡,
2523,老干妈豆腐龙利鱼,
2524,老干妈烧豆腐,
2525,老干妈生烤猪蹄,
2526,老公花样便当,
2527,老黄瓜鸡蛋软饼,
2528,老母鸡炖山药,
2529,老上海风味辣酱,
2530,老上海荠菜肉馄饨,
2531,老式葱油饼,
2532,老式蛋糕,
2533,老式锅包肉,
2534,老式鸡蛋糕,
2535,老式五仁馅月饼,
2536,老汤羊蝎子,
2537,老坛酸菜牛肉拌面,
2538,老王红烧肉,
2539,腊肉煸土豆,
2540,腊肉炒芦笋,
2541,腊肉炒土豆,
2542,腊肉炒香干,
2543,腊肉豆角焖面,
2544,腊肉粉葛小米饭,
2545,腊肉干锅土豆片,
2546,腊肉鸡蛋炒饭,
2547,辣肉面,
2548,腊肉南瓜焖饭,
2549,腊肉手撕甘蓝,
2550,腊肉土豆焖饭,
2551,腊肉莴笋汤,
2552,腊肉鲜菌焖豆腐,
2553,腊肉杏鲍菇,
2554,腊肉蒸鱼,
2555,腊味煲仔饭,
2556,辣味花生酱,
2557,腊味焖饭,
2558,腊味糯米饭,
2559,腊味三色菜花,
2560,辣味酸菜香肠,
2561,腊香干锅土豆片,
2562,腊鸭煲仔饭,
2563,腊鸭腿炖萝卜,
2564,辣子鸡,
2565,辣子鸡块土豆,
2566,辣子狭鳕鱼丁,
2567,冷吃杏鲍菇,
2568,冷吃猪肝,
2569,乐山豆腐脑,
2570,凉拌腌黄瓜,
2571,凉拌白肉,
2572,凉拌彩色藕片,
2573,凉拌脆黄瓜,
2574,凉拌腐竹,
2575,凉拌干豆腐丝,
2576,凉拌海带丝,
2577,凉拌海蜇丝,
2578,凉拌红萝卜丝,
2579,凉拌黄豆芽,
2580,凉拌黄瓜,
2581,凉拌黄瓜卷,
2582,凉拌豇豆,
2583,凉拌腱子肉,
2584,凉拌角瓜丝,
2585,凉拌椒麻鸡,
2586,凉拌金瓜丝,
2587,凉拌金针菇,
2588,凉拌鸡丝,
2589,凉拌韭菜豆芽,
2590,凉拌绿豆芽,
2591,凉拌萝卜,
2592,凉拌马齿苋,
2593,凉拌米豆腐,
2594,凉拌木耳,
2595,凉拌木瓜丝,
2596,凉拌藕片,
2597,凉拌皮蛋,
2598,凉拌皮蛋豆腐,
2599,凉拌蒲公英,
2600,凉拌千层豆皮丝,
2601,凉拌芹菜腐竹,
2602,凉拌手撕蒜薹,
2603,凉拌蒜薹丝,
2604,凉拌素鸡,
2605,凉拌蓑衣黄瓜,
2606,凉拌蚕豆,
2607,凉拌土豆片,
2608,凉拌莴笋丝,
2609,凉拌香辣鸡胗,
2610,凉拌西葫芦,
2611,凉拌西兰花黑木耳,
2612,凉拌圆白菜,
2613,凉拌鱼腥草,
2614,凉拌折耳根,
2615,凉拌肘子,
2616,凉拌猪肝,
2617,凉拌自发绿豆芽,
2618,凉调豌豆苗,
2619,晾晒红薯干,
2620,凉虾,
2621,莲花馒头,
2622,炼奶蓝莓冰激凌,
2623,炼奶棉花蛋糕,
2624,连年有鱼,
2625,莲藕百合煲排骨,
2626,莲藕棒骨汤,
2627,莲藕桂花羹,
2628,莲藕骨头汤,
2629,莲藕花生猪骨汤,
2630,莲藕脊骨汤,
2631,莲藕龙骨汤,
2632,莲藕焖猪蹄,
2633,莲藕排骨汤,
2634,莲藕炖羊排,
2635,莲藕丸子,
2636,莲藕芸豆蹄花汤,
2637,莲蓉蛋黄酥,
2638,莲蓉蛋黄月饼,
2639,莲蓉绿豆糕,
2640,莲蓉馅蛋黄酥,
2641,莲蓉一口酥,
2642,炼乳蓝莓派,
2643,炼乳小面包,
2644,炼制猪油,
2645,莲子胡椒猪肚汤,
2646,莲子银耳雪梨,
2647,立冬姜母鸭,
2648,藜蒿炒腊肉,
2649,黎蒿炒腊肉,
2650,丽花茭白,
2651,藜麦核桃谷物奶粉,
2652,藜麦卷饼,
2653,藜麦蔓越莓磅蛋糕,
2654,藜麦土豆泥饼,
2655,藜麦无油酸奶蛋糕,
2656,藜麦蒸小排,
2657,菱角炒鸡丁,
2658,鲮鱼丸丝瓜汤,
2659,梨炖白果,
2660,榴莲煲竹丝鸡,
2661,榴莲冰淇淋,
2662,榴莲蛋糕,
2663,榴莲蛋挞,
2664,榴莲披萨,
2665,榴莲千层蛋糕,
2666,榴莲炖鸡,
2667,榴莲芝士蛋糕,
2668,琉璃地瓜,
2669,荔枝冰爽奶昔,
2670,荔枝桂圆煮汤丸,
2671,荔枝酿肉,
2672,荔枝柠檬汁,
2673,荔枝酸奶,
2674,栗子煲鸡,
2675,栗子桂花豆沙酥,
2676,栗子红烧肉,
2677,栗子焖鸡,
2678,栗子焖排骨,
2679,栗子面南瓜饼,
2680,梨子派,
2681,栗子烧鸡腿,
2682,栗子烧排骨,
2683,栗子咸蛋黄月饼,
2684,龙池荷包鱼,
2685,龙骨山药菰米汤,
2686,龙利鱼鲜虾丸,
2687,龙猫饼干,
2688,龙猫泡芙,
2689,龙虾豆浆面包,
2690,龙虾海鲜粥,
2691,Lotus饼干甜酱,
2692,镂空鸟巢卷,
2693,绿茶冰淇淋,
2694,绿茶消暑豆浆,
2695,绿豆百合汤,
2696,绿豆凉粉,
2697,绿豆沙面包,
2698,绿豆沙馅发面小饼,
2699,绿豆蛙汤圆,
2700,绿甘蓝爆炒番茄,
2701,芦荟薏米汁,
2702,卤鸡翅根,
2703,卤鸡翅尖,
2704,卤鸡翅鸡爪,
2705,卤鸡肉卷,
2706,绿咖喱鸡肉卷,
2707,卤莲藕,
2708,绿萝卜海麻线包子,
2709,卤牛肉风味拌面,
2710,卤牛肉酱拌面,
2711,卤牛肉面,
2712,萝卜棒骨汤,
2713,萝卜煲牛腩,
2714,萝卜干炒四季豆,
2715,萝卜干炖腊猪脚,
2716,萝卜老鸭汤,
2717,萝卜闷羊肉,
2718,萝卜苗蔓越莓沙拉,
2719,萝卜牛腩,
2720,萝卜牛肉清汤,
2721,萝卜丝饼,
2722,萝卜丝鲫鱼汤,
2723,萝卜丝炖虾,
2724,萝卜丝丸子汤,
2725,萝卜丝馅饼,
2726,萝卜丝虾丸汤,
2727,萝卜丝鱼汤,
2728,萝卜炖牛筋,
2729,萝卜炖牛腩,
2730,萝卜炖牛肉,
2731,萝卜炖羊排,
2732,萝卜炖羊肉,
2733,萝卜玉米炖棒骨,
2734,罗勒土豆鲜虾饼,
2735,罗马盾饼干,
2736,洛神酸梅汤,
2737,洛神乌梅茶,
2738,螺蛳肉焖笋片,
2739,罗宋甜面包,
2740,卤藕片,
2741,螺旋奶油面包,
2742,罗汉果炖银耳,
2743,罗汉果雪梨粥,
2744,卤肉饭,
2745,卤肉夹饼,
2746,绿森林蛋糕,
2747,芦笋炒蛋,
2748,芦笋炒酱肉,
2749,芦笋炒鸡蛋,
2750,芦笋炒培根,
2751,芦笋炒肉,
2752,芦笋炒肉片,
2753,芦笋炒肉丝,
2754,芦笋对虾面,
2755,芦笋培根卷,
2756,芦笋烧虾,
2757,芦笋香肠煲饭,
2758,芦笋小炒肉,
2759,芦笋虾仁,
2760,卤土豆,
2761,卤鸭腿海带,
2762,鲈鱼汤,
2763,卤汁豆干,
2764,卤煮大肉,
2765,卤猪耳朵,
2766,卤煮凤爪,
2767,卤煮腊肉,
2768,卤猪心,
2769,卤煮鸭子,
2770,玛德琳蛋糕,
2771,玛芬蛋糕,
2772,马芬小纸杯蛋糕,
2773,玛格丽特饼干,
2774,玛格丽特黄油饼干,
2775,玛格丽特抹茶饼干,
2776,麦辣鸡翅,
2777,麦胚芽黑米糊,
2778,麦穗面包,
2779,麻酱拌面,
2780,麻酱豆角,
2781,麻酱花卷,
2782,麻椒鱿鱼,
2783,麻辣八爪鱼,
2784,麻辣豆腐,
2785,麻辣豆花鱼,
2786,麻辣肚片,
2787,麻辣鸡,
2788,麻辣酱黄瓜,
2789,麻辣鸡脖,
2790,麻辣鸡丁,
2791,麻辣鸡丝,
2792,麻辣鸡爪,
2793,麻辣烤鱼,
2794,麻辣腊肠烧土豆,
2795,麻辣凉皮,
2796,麻辣萝卜,
2797,麻辣牛肉干,
2798,麻辣牛尾,
2799,麻辣皮皮虾,
2800,麻辣十三香小龙虾,
2801,麻辣水煮花蛤,
2802,麻辣水煮花生,
2803,麻辣水煮鱼,
2804,麻辣水煮玉米,
2805,麻辣土豆丝饼,
2806,Malawach糕点,
2807,麻辣香烤豆腐,
2808,麻辣小龙虾,
2809,麻辣鱼,
2810,麻辣鱼火锅,
2811,麻辣鱼片,
2812,麻辣猪肺,
2813,芒果冰淇淋,
2814,芒果冻芝士蛋糕,
2815,芒果蜂蜜酸奶,
2816,芒果裸蛋糕,
2817,芒果玫瑰花,
2818,芒果慕斯蛋糕,
2819,芒果奶昔,
2820,芒果奶油抹茶蛋糕,
2821,芒果糯米饭,
2822,芒果千层蛋糕,
2823,芒果生菜汁,
2824,芒果酸奶,
2825,芒果酸奶冰淇淋,
2826,芒果酸奶奶昔,
2827,蔓越莓磅蛋糕,
2828,蔓越莓饼干,
2829,蔓越莓玻璃糖饼干,
2830,蔓越莓蛋糕,
2831,蔓越莓蛋挞,
2832,蔓越莓发糕,
2833,蔓越莓蜂蜜酸奶,
2834,蔓越莓华夫饼,
2835,蔓越莓绿豆糕,
2836,蔓越莓玫瑰花蛋糕,
2837,蔓月梅面包,
2838,蔓越莓牛奶炖燕窝,
2839,蔓越莓千层糕,
2840,蔓越莓酥饼,
2841,蔓越莓酥香面包,
2842,蔓越莓吐司,
2843,蔓越莓燕麦饼干,
2844,蔓越莓椰香面包,
2845,蔓越莓蒸蛋糕,
2846,蔓越梅蒸蛋糕,
2847,鳗鱼寿司,
2848,毛虫奶酪小面包,
2849,毛豆炒肉末,
2850,毛豆炒玉米,
2851,毛豆米炒豆丁,
2852,茅根马蹄胡萝卜汤,
2853,毛蚶,
2854,毛毛虫豆沙面包,
2855,毛毛虫面包,
2856,猫猫土豆饼,
2857,猫头鹰饼干,
2858,猫爪汤圆,
2859,麻婆豆腐,
2860,马蹄青蔗炖羊肉,
2861,麻油莴苣丝,
2862,麻油猪肝,
2863,梅菜扣冬瓜,
2864,梅菜扣肉,
2865,梅菜蒸猪肉,
2866,眉豆鸽子汤,
2867,眉豆粥,
2868,梅干菜包子,
2869,梅干菜肉饼,
2870,梅干菜烧鸡,
2871,梅干菜烧肉,
2872,梅干菜烧五花肉,
2873,梅干菜酥饼,
2874,梅干菜猪肉烧饼,
2875,玫瑰阿胶糕,
2876,玫瑰花包子,
2877,玫瑰花儿小蛋糕,
2878,玫瑰花酱戚风蛋糕,
2879,玫瑰花篮面包,
2880,玫瑰花馒头,
2881,玫瑰花苹果派,
2882,玫瑰花胶炖牛奶,
2883,玫瑰奶油蛋糕,
2884,玫瑰戚风蛋糕,
2885,玫瑰酥皮卷,
2886,玫瑰香大理石蛋糕,
2887,玫瑰鲜花饼,
2888,玫瑰馅绿豆糕,
2889,玫瑰心形蛋糕,
2890,玫瑰燕麦松子饼干,
2891,玫瑰银耳羹,
2892,玫瑰粥,
2893,美龄粥,
2894,美丽轻乳酪,
2895,煤球黑米糕,
2896,梅肉豆泡焖饭,
2897,美食杰贺岁饼干,
2898,美侍郎瓦香菜,
2899,美式奶香松饼,
2900,美式香蕉面包,
2901,美式西葫芦面包,
2902,美味蛋黄酥月饼,
2903,美味方便面,
2904,美味核桃一口酥,
2905,美味荷叶饼,
2906,美味烤全鸡,
2907,美味烤猪排,
2908,美味沙茶酱香饼,
2909,美味鸭脖,
2910,美味早餐三明治,
2911,梅香小排骨,
2912,梅汁河虾,
2913,梅汁糖醋小排,
2914,梦幻冰皮月饼,
2915,萌萌鸡蛋糕派,
2916,蒙奇奇便当,
2917,焖锅鸡翅,
2918,焖豇豆,
2919,面包布丁,
2920,面包机菠萝果酱,
2921,面包机酸奶,
2922,面包机做面包,
2923,面包甜甜圈,
2924,棉花蛋糕,
2925,棉花糖巧克力曲奇,
2926,面筋塞土豆,
2927,免揉杂蔬披萨,
2928,喵星人挤挤面包,
2929,迷迭香烤肉丸,
2930,迷迭香烤鸭脯,
2931,迷迭香辣土豆,
2932,迷迭香叶形烤饼,
2933,蜜豆戚风蛋糕,
2934,蜜豆全蛋蛋挞,
2935,蜜豆吐司,
2936,米饭煎饼,
2937,米饭披萨,
2938,米粉肉,
2939,蜜红豆卷,
2940,猕猴桃雪梨香蕉汁,
2941,猕猴桃月饼豆浆,
2942,米花糕,
2943,米椒蒜米豆腐,
2944,米酒烧鸡,
2945,蜜辣脆皮烤鸭,
2946,明太鱼炖豆腐,
2947,明虾粥,
2948,迷你冻芝士,
2949,迷你红豆沙派,
2950,迷你花环面包,
2951,迷你火腿小披萨,
2952,迷你裸蛋糕,
2953,迷你南瓜小馒头,
2954,迷你披萨,
2955,迷你树屋蛋糕,
2956,迷你香肠肉松面包,
2957,迷你小汉堡,
2958,迷你西瓜吐司,
2959,迷你牙签羊肉串,
2960,蜜汁叉烧琵琶腿,
2961,蜜汁叉烧肉,
2962,秘制叉烧肉,
2963,蜜汁叉烧肉卷饼,
2964,秘制脆皮鸭,
2965,蜜汁龟苓膏,
2966,秘制红烧肉,
2967,蜜汁红薯,
2968,蜜汁红枣南瓜,
2969,蜜汁鸡翅,
2970,蜜汁烤麸,
2971,蜜汁烤鸡翅根,
2972,秘制烤鸡腿肉卷,
2973,蜜汁烤羊排,
2974,秘制肉酱,
2975,秘制烧烤羊肉串,
2976,秘制五香蒸肉粉,
2977,秘制香拌面,
2978,蜜汁香烤排骨,
2979,秘制香酥鲫鱼,
2980,蜜汁杏鲍菇,
2981,蜜汁猪肉脯,
2982,秘制猪蹄,
2983,蜜渍白萝卜,
2984,蜜渍板栗,
2985,抹茶冰激凌,
2986,抹茶冰淇淋,
2987,抹茶菠萝皮泡芙,
2988,抹茶草莓蛋糕卷,
2989,抹茶蛋糕卷,
2990,抹茶蛋糕卷面包,
2991,抹茶蛋黄月饼,
2992,抹茶冻芝士蛋糕,
2993,抹茶豆浆,
2994,抹茶果干吐司,
2995,抹茶红豆酥,
2996,抹茶红豆酥饼,
2997,抹茶玛德琳蛋糕,
2998,抹茶玫瑰蛋黄酥,
2999,抹茶玫瑰花饼,
3000,抹茶蜜豆蛋糕,
3001,抹茶奶黄冰皮月饼,
3002,抹茶牛轧糖,
3003,抹茶千层蛋糕,
3004,抹茶砂糖饼干,
3005,抹茶酥,
3006,抹茶小蛋糕,
3007,抹茶小方糕,
3008,抹茶紫薯蛋黄酥,
3009,蘑菇炒白菜,
3010,蘑菇炒牛肉,
3011,蘑菇火锅,
3012,蘑菇类,
3013,蘑菇酿肉,
3014,蘑菇童趣饼干,
3015,蘑菇煮夜开花,
3016,嘿哈小排,
3017,茉莉玄米茶,
3018,摩洛哥牛肉串,
3019,摩卡咖啡核桃蛋糕,
3020,墨西哥烤牛排卷饼,
3021,墨鱼干红烧肉,
3022,墨鱼排骨花生汤,
3023,魔芋啤酒鸭,
3024,墨汁鲟鱼汉堡,
3025,万州烤鱼,
3026,万州炸酱面,
3027,木耳炒豆干,
3028,木耳炒鸡蛋,
3029,木耳炒肉,
3030,木耳炒西兰花,
3031,木耳韭菜鸡蛋包子,
3032,木耳芹菜炒羊肉,
3033,木耳肉丝米粉,
3034,木耳香菇肉片,
3035,木瓜果酱蛋糕卷,
3036,木瓜奶,
3037,木瓜苹果酸奶,
3038,木瓜炖雪蛤,
3039,木糠杯蛋糕,
3040,木糠布丁,
3041,木糠布丁蛋糕,
3042,牡蛎白菜汤,
3043,木乃伊火腿面包,
3044,母亲节爱心小蛋糕,
3045,慕斯蛋糕,
3046,木糖醇杯子蛋糕,
3047,木糖醇桃酥,
3048,木糖醇广式月饼,
3049,木须黄瓜,
3050,木须肉,
3051,木鱼花拌蒜苗,
3052,木鱼花黄金炒饭,
3053,奶茶饼干,
3054,奶茶猫猫饼,
3055,奶茶椰蓉腰果酥,
3056,奶黄冰皮月饼,
3057,奶黄布丁,
3058,奶黄月饼,
3059,奶酪烤菜花,
3060,奶酪戚风蛋糕,
3061,奶牛蛋糕卷,
3062,奶酥粒面包,
3063,奶香白糖糕,
3064,奶香蛋黄土司,
3065,奶香番茄鸡蛋,
3066,奶香红豆饼,
3067,奶香红豆黑米糊,
3068,奶香红豆沙吐司,
3069,奶香花朵面包,
3070,奶香华夫饼,
3071,奶香黄油蛋糕,
3072,奶香烤饼,
3073,奶香绿豆糕,
3074,奶香馒头,
3075,奶香蔓越莓饼干,
3076,奶香面包,
3077,奶香面包三明治,
3078,奶香南瓜派,
3079,奶香小吐司,
3080,奶香椰蓉面包,
3081,奶香玉米,
3082,奶香玉米汁,
3083,奶香猪肚鸡,
3084,奶香紫薯米糊,
3085,奶油白吐司,
3086,奶油杯子蛋糕,
3087,奶油菠菜西式蛋饼,
3088,奶油蛋糕卷,
3089,奶油卷,
3090,奶油蜜红豆吐司,
3091,奶油抹茶戚风卷,
3092,奶油蘑菇浓汤,
3093,奶油奶酪蛋糕,
3094,奶油泡芙,
3095,奶油巧克力小蛋糕,
3096,奶油曲奇饼干,
3097,奶油生日蛋糕,
3098,奶油霜花朵蛋糕,
3099,奶油霜小花篮蛋糕,
3100,奶油蔬菜浓汤,
3101,奶油水果蛋糕卷,
3102,奶汁土豆面包,
3103,南瓜冰皮月饼,
3104,南瓜大米粥,
3105,南瓜豆浆,
3106,南瓜蜂蜜葱香面包,
3107,南瓜粉蒸肉,
3108,南瓜干酪面包,
3109,南瓜枸杞银耳羹,
3110,南瓜核桃米糊,
3111,南瓜核桃软曲奇,
3112,南瓜红枣发糕,
3113,南瓜花瘦肉汤,
3114,南瓜夹心饼,
3115,南瓜鸡蛋水饺,
3116,南瓜鸡肉沙拉,
3117,南瓜腊肠饭,
3118,南瓜莲子粥,
3119,南瓜馒头卷,
3120,南瓜玫瑰花馒头,
3121,南瓜焖饭,
3122,南瓜面包,
3123,南瓜面包卷,
3124,南瓜米糊,
3125,南瓜米酒年糕汤,
3126,南瓜浓汤,
3127,南瓜派,
3128,南瓜苹果大米粥,
3129,南瓜戚风蛋糕,
3130,南瓜软饼,
3131,南瓜汤圆,
3132,南瓜馅酥饼,
3133,南瓜小煎饼,
3134,南瓜小面包,
3135,南瓜小米蒸排骨,
3136,南瓜小米粥,
3137,南瓜枣米饭,
3138,南瓜枣泥甜趣饼干,
3139,南瓜粥,
3140,南瓜紫薯饼,
3141,南乳藕片,
3142,拿破仑酥,
3143,拿手鱼,
3144,内蒙蒙古馅饼,
3145,内蒙牛肉干,
3146,嫩滑蒸鸡翅,
3147,嫩烤羊排,
3148,年糕土豆烧排骨,
3149,年糕蒸鳜鱼,
3150,酿香菇,
3151,年轮蛋糕,
3152,鸟巢鸡蛋饼,
3153,柠檬饼干,
3154,柠檬蛋糕卷,
3155,柠檬蜂蜜浸黄瓜,
3156,柠檬海绵蛋糕,
3157,柠檬海盐磅蛋糕,
3158,柠檬鸡翅,
3159,柠檬烤鲈鱼,
3160,柠檬烤鱼,
3161,柠檬可乐鸡翅,
3162,柠檬戚风蛋糕,
3163,柠檬轻芝士蛋糕,
3164,柠檬五香毛豆,
3165,柠香干煎大虾,
3166,柠香蜜渍小番茄,
3167,柠香轻乳酪,
3168,柠香蒜蓉蒸红虾,
3169,牛肚炒菠菜,
3170,纽扣饼干,
3171,纽扣小饼干,
3172,纽扣芝士饼,
3173,牛奶布丁,
3174,牛奶蛋羹,
3175,牛奶方糕,
3176,牛奶格子饼干,
3177,牛奶椰蓉小方糕,
3178,牛奶蒸蛋羹,
3179,牛腩萝卜汤,
3180,牛腩焖土豆,
3181,牛腩土豆粉,
3182,牛腩炖萝卜,
3183,牛蒡松蘑炖草鸡,
3184,牛肉薄底披萨,
3185,牛肉炒葱头丝瓜,
3186,牛肉炒粉,
3187,牛肉炒干豆腐,
3188,牛肉炒尖椒,
3189,牛肉冬瓜汤,
3190,牛肉番茄酱拌意面,
3191,牛肉番茄面,
3192,牛肉番茄吐司披萨,
3193,牛肉花生豆豉酱,
3194,牛肉胡萝卜包子,
3195,牛肉火锅,
3196,牛肉夹饼,
3197,牛肉酱拌面,
3198,牛肉姜汤烩芥兰,
3199,牛肉芥菜粥,
3200,牛肉拉面,
3201,牛肉披萨,
3202,牛肉芹菜水饺,
3203,牛肉青椒丝炒面,
3204,牛肉臊子面,
3205,牛肉烧萝卜,
3206,牛肉素面,
3207,牛肉炖土豆,
3208,牛肉丸青菜线面,
3209,牛肉小毛葱饺子,
3210,牛肉西兰花,
3211,牛肉燕麦堡,
3212,牛肉汉堡,
3213,牛肉玉米炒饭,
3214,牛肉蒸面,
3215,牛油果布丁,
3216,牛油果奶昔,
3217,牛油果寿司卷,
3218,牛油果香蕉奶昔,
3219,牛油果鲜虾沙拉,
3220,牛油砂糖面包,
3221,农家菜干瘦肉粥,
3222,农家浆水凉粉,
3223,农家小炒肉,
3224,浓情黑巧克力蛋糕,
3225,浓情黑芝麻糊,
3226,浓情苹果派,
3227,浓情烧麦,
3228,浓汤豆丝羹,
3229,浓汤鸡丝面,
3230,浓汤生菜,
3231,浓香核桃派,
3232,浓香花生酥,
3233,浓香花生酥饼,
3234,浓郁咖喱鱿鱼,
3235,暖心火锅,
3236,糯米百合粥,
3237,糯米粉南瓜饼,
3238,糯米酿莲藕,
3239,糯米小蛋糕,
3240,糯米纸杯蛋糕,
3241,挪威圣诞饼干,
3242,糯玉米豆浆,
3243,女王龙虾馄饨,
3244,藕片炒木耳,
3245,藕烧肉,
3246,欧式蔓越莓吐司,
3247,排骨红枣卤肉,
3248,排骨瓠瓜汤,
3249,排骨火腿春笋汤,
3250,排骨鸡肉炖花胶,
3251,排骨莲藕汤,
3252,排骨萝卜汤,
3253,排骨马蹄汤,
3254,排骨焖炒白菜,
3255,排骨焖饭,
3256,排骨土豆,
3257,排骨炖豆角,
3258,排骨炖粉片,
3259,排骨炖粉条,
3260,排骨炖萝卜,
3261,排骨炖土豆,
3262,排骨炖小土豆,
3263,排骨香菇焖饭,
3264,排骨小锅饭,
3265,排骨洋葱焖饭,
3266,排骨玉米汤,
3267,胖大海雪梨汤,
3268,螃蟹粥,
3269,帕尼尼牛排三明治,
3270,泡菜饼,
3271,泡菜炒面,
3272,泡菜酱焗凤爪,
3273,泡菜面,
3274,泡菜牛肉乌冬面,
3275,泡菜糯米丸子,
3276,泡菜鱼,
3277,泡姜炒鸡心,
3278,泡姜炒猪肝,
3279,泡姜鱼香肉丝,
3280,泡椒腌萝卜,
3281,泡椒炒鸡胗,
3282,泡椒凤爪,
3283,泡椒耗儿鱼,
3284,泡椒黑木耳,
3285,泡椒华子鱼,
3286,泡椒鸡爪,
3287,泡椒莲藕鸡翅,
3288,泡椒明太鱼,
3289,泡椒牛柳,
3290,泡椒烧黄鱼,
3291,泡椒田鸡,
3292,泡椒鱿鱼丝,
3293,泡椒鱼,
3294,泡椒猪肝,
3295,泡沫蛋糕,
3296,泡泡浴蛋糕,
3297,培根炒豆腐,
3298,培根炒蚕豆,
3299,培根脆底披萨,
3300,培根鸡蛋饼,
3301,培根鸡蛋煎面,
3302,培根鸡蛋面,
3303,培根金针菇,
3304,培根金针卷,
3305,培根焗意面,
3306,培根面包,
3307,培根奶酪咸吐司,
3308,培根南瓜焗意面,
3309,培根披萨,
3310,培根蔬菜卷,
3311,培根薯泥卷,
3312,培根薯泥鱼糕卷,
3313,培根土豆,
3314,培根香菜卷,
3315,培根香草辫子面包,
3316,培根玉米煎饼,
3317,培根芝士饭团,
3318,胚芽布丁戚风蛋糕,
3319,胚芽欧式面包,
3320,培垠披萨,
3321,蓬松饼干,
3322,烹汁小黄鱼,
3323,盆栽蛋糕,
3324,盆栽酸奶,
3325,飘香葱虾饼,
3326,飘香锅包肉,
3327,飘香烤蘑菇,
3328,皮蛋豆腐,
3329,皮蛋腊肠粥,
3330,皮蛋瘦肉二米粥,
3331,皮蛋瘦肉粥,
3332,皮蛋瘦身粥,
3333,皮蛋香菇芋头粥,
3334,啤酒豆瓣焖黄鱼,
3335,啤酒腐乳焖排骨,
3336,啤酒鸡翅,
3337,啤酒萝卜炖牛腩,
3338,啤酒焖排骨,
3339,啤酒烧青鱼,
3340,啤酒酥鸭,
3341,啤酒土豆炖肉,
3342,啤酒小龙虾,
3343,啤酒鸭,
3344,平菇炒小白菜,
3345,平菇熘鸡片,
3346,苹果蛋糕,
3347,苹果蛋糕派,
3348,苹果黑麦糊,
3349,苹果玫瑰花,
3350,苹果玫瑰卷,
3351,苹果面包,
3352,苹果烧果子,
3353,苹果馅糯米枣,
3354,苹果杏仁奶昔,
3355,苹果玉米汁,
3356,苹果汁早餐燕麦粥,
3357,乒乓球蛋炒饭,
3358,拼图饼干,
3359,枇杷百合汤,
3360,枇杷果酱,
3361,皮卡丘便当,
3362,披萨,
3363,披萨饼,
3364,铺盖面,
3365,普雷结碱水面包,
3366,葡式蛋挞,
3367,葡萄干蛋糕卷,
3368,葡萄干海绵小蛋糕,
3369,葡萄干马芬蛋糕,
3370,葡萄干酥饼,
3371,葡萄干提子磅蛋糕,
3372,葡萄干吐司,
3373,葡萄干纸杯蛋糕,
3374,葡萄奶酥,
3375,葡萄奶酥饼干,
3376,葡萄原浆全麦面包,
3377,千层葱肉饼,
3378,千层蛋糕,
3379,千层豆腐,
3380,千层红豆酥,
3381,千层牛肉饼,
3382,千层派式小饼,
3383,千层肉饼,
3384,千层肉酥饼,
3385,千层手撕饼,
3386,千层手抓饼,
3387,千层酥饼干,
3388,千岛鸡肉寿司,
3389,炝拌豇豆,
3390,炝拌鸡丝海带,
3391,炝拌茄丝,
3392,炝拌芹菜花生米,
3393,抢拌芹菜土豆丝,
3394,炝拌香油苦瓜,
3395,炝炒青椒土豆丝,
3396,炝炒土豆丝,
3397,炝炒野生木耳,
3398,炝炒圆白菜,
3399,腔骨酸菜汤,
3400,羌山老腊肉炒花菜,
3401,钱江肉丝,
3402,潜艇汉堡,
3403,千叶草蛋糕,
3404,千叶纹戚风蛋糕,
3405,千张肉卷,
3406,巧克力棒棒糖蛋糕,
3407,巧克力贝印裸蛋糕,
3408,巧克力杯子蛋糕,
3409,巧克力冰激凌,
3410,巧克力冰淇淋,
3411,巧克力布丁,
3412,巧克力草莓蛋糕,
3413,巧克力蛋糕甜甜圈,
3414,巧克力多彩甜甜圈,
3415,巧克力海绵蛋糕,
3416,巧克力黑森林蛋糕,
3417,巧克力夹心蛋糕,
3418,巧克力夹心小饼,
3419,巧克力咖啡,
3420,巧克力淋面蛋糕,
3421,巧克力淋面裸蛋糕,
3422,巧克力裸蛋糕,
3423,巧克力面包,
3424,巧克力慕斯蛋糕,
3425,巧克力奶酪蛋糕,
3426,巧克力奶油蛋糕,
3427,巧克力奶油泡芙,
3428,巧克力年轮蛋糕,
3429,巧克力戚风蛋糕,
3430,巧克力奇普饼干,
3431,巧克力熔岩蛋糕,
3432,巧克力双色蛋糕,
3433,巧克力糖粉甜甜圈,
3434,巧克力天使蛋糕,
3435,巧克力甜甜圈泡芙,
3436,巧克力香蕉派,
3437,巧克力月饼,
3438,巧克力珍珠泡芙,
3439,巧克力芝士泡芙,
3440,卡士达网纹面包,
3441,卡通饼干,
3442,卡通酸奶慕斯蛋糕,
3443,荠菜馄饨,
3444,荠菜饺子,
3445,七彩龙利鱼丁,
3446,荠菜丸子,
3447,荠菜馅饼,
3448,荠菜鲜肉小馄饨,
3449,汽车蛋糕,
3450,茄饼蒸肉,
3451,茄丁炸酱面,
3452,茄泥肉丸,
3453,茄香焖鱼,
3454,茄汁摆汤面,
3455,茄汁菜花,
3456,茄汁脆皮豆腐,
3457,茄汁带鱼,
3458,茄汁大虾,
3459,茄汁罐头鲭鱼,
3460,茄汁黑豆腐,
3461,茄汁烩西兰花,
3462,茄汁鸡蛋,
3463,茄汁鸡丁拌面,
3464,茄汁金昌鱼,
3465,茄汁金针菇,
3466,茄汁卷心菜炖鸡肉,
3467,茄汁莲藕排骨,
3468,茄汁荔枝虾仁,
3469,茄汁牛肉面,
3470,茄汁牛肉意面,
3471,茄汁肉末豆角,
3472,茄汁烧豆腐,
3473,茄汁水煮鱼片,
3474,茄汁鳕鱼,
3475,茄汁鱼片,
3476,茄子煸豆角,
3477,茄子炒鸡丝,
3478,茄子青椒披萨,
3479,茄子肉丁酱,
3480,茄子肉丁酱拌面,
3481,茄子虾皮粉,
3482,戚风小蛋糕,
3483,棋格曲奇饼干,
3484,芹菜拌金针菇,
3485,芹菜炒豆干,
3486,芹菜炒鸡腿肉,
3487,芹菜炒肉丝,
3488,芹菜炒香干,
3489,芹菜炒鱿鱼,
3490,芹菜豆干丝,
3491,芹菜嫩牛肉丝,
3492,芹菜炝腐竹,
3493,芹菜芝士鸡肉卷,
3494,芹菜猪肉水饺,
3495,青白菜梗子炒肉,
3496,清拌莴笋丝,
3497,青菜牛柳炒乌冬面,
3498,青菜烧肉丸,
3499,青菜瘦肉粥,
3500,清炒冬瓜,
3501,清炒豆苗,
3502,清炒菊花菜,
3503,清炒芦笋,
3504,清炒藕丝,
3505,清炒茼蒿,
3506,清炒土豆片,
3507,清炒虾,
3508,清炒洋葱胡萝卜,
3509,青岛石花菜凉粉,
3510,青豆炒蘑菇,
3511,青豆火腿烩豆腐,
3512,青豆烧排骨,
3513,青豆玉米炒鸡丁,
3514,青瓜拌粉丝,
3515,青瓜炒豆干,
3516,青瓜卷寿司,
3517,青红椒炒肉丝,
3518,青红椒炒虾,
3519,青花椒酸菜鱼,
3520,青酱瘦肉意面,
3521,青椒爱鸡蛋,
3522,青椒炒茭白,
3523,青椒炒鸡蛋,
3524,青椒炒鸡丁,
3525,青椒炒鸡肉,
3526,青椒炒肉盖浇面,
3527,青椒炒土豆片,
3528,青椒炒羊肚,
3529,青椒炒猪耳,
3530,青椒蛋饼,
3531,青椒回锅肉,
3532,青椒煎鸡蛋,
3533,青椒酿肉,
3534,青椒排骨,
3535,青椒肉饼,
3536,青椒肉丝炒木耳,
3537,青椒土豆片,
3538,青椒土豆丝,
3539,青椒西红柿土豆,
3540,青椒玉米火腿肠,
3541,青椒猪肉饺子,
3542,青辣椒爆炒鱿鱼,
3543,清凉绿豆糕,
3544,青柠薄荷鸡丝,
3545,青柠蜂蜜茶,
3546,青柠鸡尾酒,
3547,青柠蓝莓鸡尾酒,
3548,轻乳酪蛋糕,
3549,轻乳酪芝士蛋糕,
3550,青蒜回锅肉,
3551,清汤海螺面,
3552,清汤面,
3553,清汤牛腩面,
3554,清汤牛肉面,
3555,青提可爱便当,
3556,清炖豆腐,
3557,清炖排骨汤,
3558,清炖羊肉,
3559,清炖燕窝,
3560,清炖鱼,
3561,清香蛋饼,
3562,青鱼炖冻豆腐,
3563,清蒸白鱼,
3564,清蒸大闸蟹,
3565,清蒸鲽鱼,
3566,清蒸丁桂鱼,
3567,清蒸冬瓜,
3568,清蒸桂鱼,
3569,清蒸红鱼,
3570,清蒸黄花鱼,
3571,清蒸金鲳鱼,
3572,清蒸鲫鱼,
3573,清蒸鳜鱼,
3574,清蒸鲈鱼,
3575,清蒸酿豆泡,
3576,清蒸太湖白鱼,
3577,清蒸香干,
3578,清蒸鳕鱼,
3579,轻芝士蛋糕,
3580,清煮羊肉,
3581,芹香牛肉,
3582,汽水红烧肉,
3583,秋葵炒虾仁,
3584,秋葵蛋炒饭,
3585,秋葵虾酱炒鸡蛋,
3586,秋葵香菇蒸滑鸡,
3587,秋葵蒸蛋羹,
3588,秋叶南瓜包子,
3589,奇亚籽曲奇饼干,
3590,奇异果布丁,
3591,奇异果香蕉奶昔,
3592,奇异果芝士蛋糕,
3593,全蛋蜂蜜小蛋糕,
3594,全蛋海绵蛋糕,
3595,全蛋黄桃蛋挞,
3596,全料凉面,
3597,全麦果仁面包,
3598,全麦鸡腿堡,
3599,全麦抹茶豆沙吐司,
3600,全麦葡萄干面包,
3601,全麦薯泥面包,
3602,全麦酸奶面包,
3603,全麦乡村面包,
3604,全蟹粉煲仔饭,
3605,泉州卤面,
3606,雀巢ciniminis麦片,
3607,曲奇饼干,
3608,热狗面包,
3609,热姜汁藕片,
3610,热辣辣蜜糖鸡翅,
3611,人参枸杞乌鸡汤,
3612,人参汽锅鸡,
3613,日式茶泡饭,
3614,日式叉烧面,
3615,日式蛋包饭,
3616,日式肥牛饭,
3617,日式酱油煮鱼,
3618,日式咖喱蛋包饭,
3619,日式咖喱乌冬面,
3620,日式凉拌鲍鱼,
3621,日式棉花蛋糕卷,
3622,日式亲子盖饭,
3623,日式炸猪排,
3624,日系照烧鸡腿,
3625,融奶酪,
3626,肉饼窝蛋煲仔饭,
3627,肉炒腐竹,
3628,肉炒茭白,
3629,肉炒三丝,
3630,肉丁粉丝,
3631,肉骨冬瓜汤,
3632,肉桂苹果派,
3633,肉酱干拌面,
3634,肉粒炒黄瓜丝,
3635,肉卤豆腐脑,
3636,肉末拌面,
3637,肉末炒豇豆,
3638,肉末炒西兰花,
3639,肉末豆腐,
3640,肉沫豆腐羹,
3641,肉末粉丝,
3642,肉末粉条,
3643,肉末烩麻婆豆腐,
3644,肉末胡萝卜丝,
3645,肉末虎皮豆腐,
3646,肉末虎皮青椒,
3647,肉末豇豆,
3648,肉末焖毛豆,
3649,肉末米粉,
3650,肉末茄子,
3651,肉末酸辣汤,
3652,肉末豌豆炒荸荠,
3653,肉末芋头煎饼,
3654,肉末炸酱,
3655,肉末蒸豆腐,
3656,肉末蒸茄子,
3657,肉末蒸豌豆,
3658,肉片炒丝瓜,
3659,肉片烧冬笋,
3660,柔软辫子面包,
3661,柔软豆沙吐司,
3662,肉丝白菜,
3663,肉丝炒海带,
3664,肉丝炒咸菜,
3665,肉丝炒香芹,
3666,肉丝酱油蛋炒饭,
3667,肉丝苦瓜,
3668,肉丝汤面,
3669,肉松蛋糕,
3670,肉松火腿夹心面包,
3671,肉松火腿面包,
3672,肉松酱饼,
3673,肉松面包卷,
3674,肉松热狗肠面包,
3675,肉松沙拉蛋卷,
3676,肉松烧豆腐,
3677,肉松寿司,
3678,肉松芝士面包,
3679,肉未香芋丝,
3680,肉渣饼,
3681,,
3682,肉蒸白菜卷,
3683,软麻花,
3684,软嫩蛋挞,
3685,软炸里脊,
3686,软炸虾仁,
3687,软芝士,
3688,如意豆腐,
3689,如意鸡蛋卷,
3690,萨赫蛋糕,
3691,三杯鸡,
3692,三杯虾,
3693,三彩煸肉,
3694,三种冬瓜汤,
3695,桑葚布朗尼蛋糕,
3696,三黑豆浆,
3697,三红蛋糕,
3698,散花炒肉,
3699,三色蛋干丝,
3700,三色火锅丸子,
3701,三色玛德琳蛋糕,
3702,三色玫瑰花馒头,
3703,三色曲奇,
3704,三色吐司,
3705,三蔬鸡肉丁,
3706,三丝牛肉,
3707,三文鱼炒饭,
3708,三文鱼茶泡饭,
3709,三文鱼葱饭,
3710,三文鱼番茄汤,
3711,三文鱼鸡蛋卷饼,
3712,三文鱼鸡蛋粥,
3713,三文鱼奶酪包心丸,
3714,三文鱼培根卷,
3715,三文鱼鱼排,
3716,三鲜大馄饨,
3717,三馅饺子,
3718,三鲜金饺年夜饭,
3719,三鲜馅水饺,
3720,三鲜元宝饺子,
3721,臊子面,
3722,沙茶酱焖猪皮,
3723,沙茶酱茄子,
3724,沙茶毛豆,
3725,沙茶面,
3726,沙茶排骨,
3727,沙嗲鸡肉串,
3728,砂锅白菜冻豆腐,
3729,砂锅煲枸杞乌鸡汤,
3730,砂锅煲仔饭,
3731,砂锅豆腐鱼头汤,
3732,砂锅鸡块,
3733,砂锅鲫鱼炖豆腐汤,
3734,砂锅绿豆粥,
3735,砂锅焖饭,
3736,砂锅排骨炖玉米汤,
3737,砂锅蒜子鳝鱼,
3738,砂锅土豆粉,
3739,沙姜蒸鸡,
3740,沙棘汁慕斯蛋糕,
3741,沙拉酱香葱面包,
3742,扇贝蛋汤,
3743,扇贝冬瓜杂粮粥,
3744,闪电泡芙,
3745,山东大煎饼,
3746,上海葱油拌面,
3747,上海桂花条头糕,
3748,上海金钩葱油拌面,
3749,上海冷面,
3750,上海泡饭,
3751,上海青炒香菇,
3752,上海私房酱牛肉,
3753,上海糖醋小排,
3754,上海五香素鸡,
3755,上海咸煎饼,
3756,上海阳春面,
3757,上海盐水毛豆,
3758,上海炸猪排,
3759,上海粢饭糕,
3760,珊瑚鱼,
3761,陕西面筋凉皮,
3762,陕西岐山臊子面,
3763,山西馅肉,
3764,陕西油泼裤带面,
3765,山药炒木耳,
3766,山药炒肉片,
3767,山药肚条汤,
3768,山药羹,
3769,山药桂圆黑米粥,
3770,山药烩鸡翅,
3771,山药胡萝卜粥,
3772,山药老鸭汤,
3773,山药莲薏汤,
3774,山药莲子豆浆,
3775,山药面筋炒丝瓜,
3776,山药奶酪派,
3777,山药排骨汤,
3778,山药葡萄干面包,
3779,山药乳鸽汤,
3780,山药西红柿牛骨汤,
3781,山药羊肉汤,
3782,山药薏米粥,
3783,山楂酱,
3784,山楂开胃粥,
3785,烧饼夹里脊,
3786,烧豆腐,
3787,烧烤排骨,
3788,烧烤味干煸菜花,
3789,烧麦,
3790,烧偏口鱼,
3791,烧肉豆角焖面,
3792,烧肉黄瓜,
3793,烧肉焖小土豆,
3794,烧仙草奶茶,
3795,少油干锅土豆,
3796,烧鱼下巴,
3797,烧汁长豆角,
3798,砂糖茶点饼干,
3799,砂糖鸡蛋饼干,
3800,沙县拌面,
3801,沙蟹汁焖豆角,
3802,生腌皮皮虾,
3803,生菜米糊,
3804,生菜瘦肉粥,
3805,生炒小公鸡,
3806,生汆肉丸青菜汤,
3807,圣诞杯子蛋糕,
3808,圣诞花环面包,
3809,圣诞火鸡,
3810,圣诞节树根蛋糕,
3811,圣诞节树桩蛋糕卷,
3812,圣诞烤火鸡,
3813,圣诞老人便当,
3814,圣诞老人饼干,
3815,圣诞老人蛋糕,
3816,圣诞老人面包,
3817,圣诞老人纸杯蛋糕,
3818,圣诞千层可丽饼,
3819,圣诞熔岩蛋糕,
3820,圣诞树蛋糕,
3821,圣诞树根蛋糕,
3822,圣诞树面包,
3823,圣诞树圆形面包,
3824,圣诞树桩蛋糕卷,
3825,圣诞糖霜姜饼,
3826,圣诞纸杯蛋糕,
3827,生煎肉馅饼,
3828,生日蛋糕,
3829,深夜食堂粉蒸肉,
3830,十寸生日蛋糕,
3831,石锅拌饭,
3832,什锦蛋炒饭,
3833,什锦煎蛋饼,
3834,什锦酱油炒饭,
3835,什锦三明治,
3836,什锦甜粥,
3837,什锦意面,
3838,什锦粥火锅,
3839,石榴汁,
3840,时蔬拌槐花,
3841,时蔬炒肉丁,
3842,时蔬炒肉丝,
3843,时蔬串烤鱿鱼,
3844,时蔬焗鱿鱼,
3845,时蔬烤鸡翅根,
3846,时蔬烤排骨,
3847,时蔬沙拉拌意面,
3848,豉香油豆腐,
3849,豉油鸡,
3850,豉油王鲜味虾,
3851,豉油蒸排骨,
3852,豉汁排骨,
3853,豉汁排骨焖饭,
3854,手擀拌面,
3855,手工可可蛋卷,
3856,手工蔬菜蝴蝶面,
3857,瘦身鸡肉卷,
3858,手撕鸡,
3859,手撕茄子,
3860,手撕蒜苔,
3861,手撕咸鹅,
3862,手撕杏鲍菇,
3863,手指饼,
3864,手抓羊肉,
3865,手抓羊肉饭,
3866,双豆汤,
3867,双豆稀饭,
3868,双果冰淇淋,
3869,双椒八宝虾,
3870,双椒爆炒羊肉,
3871,双椒煸薯条,
3872,双椒炒肉丝,
3873,双椒炒熏干,
3874,双椒鸡丁,
3875,双椒牛柳,
3876,爽口萝卜,
3877,双莓慕斯流心蛋糕,
3878,双色爱心三明治,
3879,双色磅蛋糕,
3880,双色冰皮月饼,
3881,双色剁椒鱼头,
3882,双色饺子白菜饺子,
3883,双色可可饼干,
3884,双色麻花馒头,
3885,双色毛巾蛋糕卷,
3886,双色吐司,
3887,双色土司,
3888,双蔬炒鸡丁,
3889,双味面包,
3890,双味南瓜饼,
3891,双重口味裱花蛋糕,
3892,涮羊肉火锅,
3893,薯饼,
3894,蔬菜饼,
3895,蔬菜炒饼,
3896,蔬菜鸡蛋饼,
3897,蔬菜鸡肉丸,
3898,蔬菜卷饼,
3899,蔬菜淋饼,
3900,蔬菜焖牛肉,
3901,蔬菜面,
3902,蔬菜全麦面包,
3903,蔬菜沙拉,
3904,蔬菜手擀面,
3905,蔬菜水果汁,
3906,蔬菜汤,
3907,蔬菜虾仁粥,
3908,蔬菜玉米饼,
3909,舒芙蕾乳酪蛋糕,
3910,水东芥咸蛋粥,
3911,水果布丁,
3912,水果蛋糕,
3913,水果花篮饼干,
3914,水果夹心蛋糕,
3915,水果夹心奶油蛋糕,
3916,水果鸡尾酒奶昔,
3917,水果抹酱,
3918,水果奶香披萨,
3919,水果奶油蛋糕,
3920,水果年糕,
3921,水果沙拉,
3922,水果生日蛋糕,
3923,水果味儿鸡尾酒,
3924,水煎花卷,
3925,水晶菜炒肉丝,
3926,水晶冬瓜鸡肉卷,
3927,水撅面,
3928,水蜜桃裸蛋糕,
3929,水笋烧大排,
3930,水笋烧茭白,
3931,水笋烧肉,
3932,水信玄饼,
3933,水煮豆腐,
3934,水煮豆腐鱼,
3935,水煮毛豆,
3936,水煮牛肉,
3937,水煮泡椒鲶鱼,
3938,水煮肉末千张,
3939,水煮肉片,
3940,水煮羊肉片,
3941,水煮油泼鲤鱼,
3942,水煮鱼,
3943,水煮猪肝,
3944,薯角香辣虾,
3945,吮指鸡块,
3946,吮指猪蹄,
3947,薯蓉火腿羹,
3948,薯蓉芝士焗西兰花,
3949,树桩蛋糕,
3950,四川豆花牛柳,
3951,四川宫保鸡丁,
3952,四川宫保肉丁,
3953,四川锅巴鱿鱼,
3954,四川家常鳊鱼,
3955,四川酱香肉,
3956,四川麻辣豆腐,
3957,四川酸辣粉,
3958,四川酸辣厥根粉,
3959,四川糖油果子,
3960,四川甜水面,
3961,四川土豆烧排骨,
3962,四川芋儿鸡,
3963,四川鱼香莴笋肉丝,
3964,私房葱香蛋饼,
3965,私房东坡肉,
3966,私房豆腐,
3967,私房凉拌冰草,
3968,私房麻辣拌凤爪,
3969,私房樱桃果酱,
3970,丝瓜炒蛋,
3971,丝瓜炒鸡蛋,
3972,丝瓜炒贻贝,
3973,丝瓜鸡蛋肉燕汤,
3974,丝瓜开洋浓汤,
3975,丝瓜毛豆,
3976,丝瓜酿虾,
3977,丝瓜荠菜肉馄饨,
3978,丝瓜肉片,
3979,丝瓜肉丸汤,
3980,丝瓜虾仁,
3981,四黑粥,
3982,四季豆炒鱼,
3983,四物鸡汤,
3984,四喜丸子,
3985,松饼,
3986,松花蛋豆腐,
3987,松露巧克力,
3988,松蘑炖鸡,
3989,松茸饭,
3990,松鼠鳜鱼,
3991,松鼠狸猫动物饼干,
3992,松子鱼,
3993,酸菜白肉,
3994,酸菜豆腐,
3995,酸菜鸡蛋素饺子,
3996,酸菜鸡肉丁,
3997,酸菜烤鱼,
3998,酸菜牛肉酱拌面,
3999,酸菜牛杂,
4000,酸菜肉丝粉条,
4001,酸菜肉丝米线,
4002,酸菜羊肉,
4003,酸菜鱼,
4004,酸菜鱼片,
4005,蒜肠木耳西葫芦,
4006,酸豆角爆腰片,
4007,酸豆角炒肉,
4008,酸豆角炒肉末,
4009,酸豆角肉末,
4010,酸辣爆炒鱿鱼,
4011,酸辣粉,
4012,酸辣蕨根粉,
4013,酸辣藕丁,
4014,酸辣藕丝,
4015,酸辣泡菜鱼,
4016,酸辣爽脆丝拌面,
4017,酸辣土豆丝,
4018,酸萝卜魔芋鸭,
4019,酸萝卜条寿司,
4020,酸梅酱排骨,
4021,酸梅味酥皮布丁,
4022,蒜苗炒豆芽,
4023,蒜苗炒鸡蛋,
4024,蒜苗炒腊肉,
4025,蒜苗回锅肉,
4026,蒜苗鸡蛋炒年糕,
4027,蒜苗烧牛筋,
4028,蒜苗五花肉,
4029,酸奶蛋糕,
4030,酸奶蛋黄扭扭麻花,
4031,酸奶冻芝士蛋糕,
4032,酸奶溜蚕豆糕,
4033,酸奶蔓越莓园饼干,
4034,酸奶面包布丁,
4035,酸奶面包屑鳕鱼,
4036,酸奶泡芙,
4037,酸奶戚风蛋糕,
4038,酸奶无油杯子蛋糕,
4039,酸奶小蛋糕,
4040,酸奶芝士沙拉,
4041,蒜泥白肉,
4042,蒜泥拌豆角,
4043,蒜泥菠菜,
4044,蒜泥海带,
4045,蒜泥豇豆,
4046,蒜泥鸡蛋,
4047,蒜泥茄子,
4048,蒜茄子,
4049,蒜蓉拌秋葵,
4050,蒜蓉菠菜,
4051,蒜蓉菜心,
4052,蒜蓉豆豉蒸龙利鱼,
4053,蒜蓉粉丝虾,
4054,蒜蓉粉丝蒸秋葵,
4055,蒜蓉粉丝蒸扇贝,
4056,蒜蓉粉丝蒸虾,
4057,蒜蓉粉丝蒸香菇,
4058,蒜蓉腐乳小白菜,
4059,蒜蓉荷兰豆,
4060,蒜蓉椒盐虾,
4061,蒜蓉焗贝肉,
4062,蒜蓉烤生蚝,
4063,蒜蓉烤虾,
4064,蒜蓉空心菜,
4065,蒜蓉辣炒空心菜,
4066,蒜蓉芦笋胡萝卜,
4067,蒜蓉茄虾蒸面,
4068,蒜蓉肉末烤茄子,
4069,蒜蓉生蚝,
4070,蒜蓉手撕茄子,
4071,蒜蓉西兰花,
4072,蒜蓉油麦菜,
4073,蒜茸蒸排骨,
4074,蒜蓉蒸茄子,
4075,蒜茸蒸茄子,
4076,蒜蓉蒸丝瓜,
4077,蒜蓉芝士虾,
4078,酸沙豆腐,
4079,酸爽茄子,
4080,蒜薹炒鸡蛋,
4081,蒜苔炒腊肠,
4082,蒜薹炒腊肉,
4083,蒜苔炒肉,
4084,蒜台炒肉,
4085,蒜苔炒蟹味菇,
4086,蒜薹炒鸭胗,
4087,蒜苔炒鱿鱼,
4088,蒜苔木耳炒肉,
4089,蒜苔牛柳,
4090,蒜薹培根炒饭,
4091,蒜苔小炒肉,
4092,蒜薹小炒五花肉,
4093,酸汤龙利鱼片,
4094,酸汤肉片,
4095,酸汤鱼,
4096,酸甜龙利鱼,
4097,蒜味苋菜,
4098,蒜香菠菜拌粉丝,
4099,蒜香脆皮肠,
4100,蒜香大虾,
4101,蒜香豆腐,
4102,蒜香豆腐卷,
4103,蒜香粉蒸肉,
4104,蒜香海带丝,
4105,蒜香荷兰豆,
4106,蒜香红椒鸡腿,
4107,蒜香红酒虾,
4108,蒜香鸡,
4109,蒜香煎鸡翅,
4110,蒜香茭白炒肉丝,
4111,蒜香鸡翅,
4112,蒜香金针菇,
4113,蒜香鸡中翅,
4114,蒜香烤排骨,
4115,蒜香烤虾,
4116,蒜香烤鸭,
4117,蒜香辣排骨,
4118,蒜香龙利鱼,
4119,蒜香面包,
4120,蒜香魔芋丝蒸秋葵,
4121,蒜香排骨,
4122,蒜香茄汁炒鱿鱼,
4123,蒜香清蒸竹节虾,
4124,蒜香秋葵,
4125,酸香水煮肉,
4126,蒜香苋菜,
4127,蒜香小土豆,
4128,蒜香杏鲍菇,
4129,蒜香鱼子酱,
4130,蒜香炸猪排,
4131,蒜香蒸鸡腿,
4132,蒜香芝士焗虾,
4133,蒜蘸片片,
4134,酸汁肥牛,
4135,蒜汁龙利鱼,
4136,蒜籽烧黑鱼,
4137,蒜子烧小排,
4138,素拌面,
4139,素菜烧肉丁,
4140,素炒白萝卜丝,
4141,素炒饼,
4142,素炒莜面,
4143,素炒豆角黑木耳,
4144,素炒花菜,
4145,素炒面,
4146,素炒土豆丝,
4147,素炒豌豆,
4148,素炒香菇,
4149,速成法凉皮,
4150,酥脆黄油曲奇,
4151,碎肉抓饭,
4152,酥鲫鱼,
4153,酥粒面包,
4154,素罗宋汤,
4155,素面,
4156,笋干菜炒四季豆,
4157,笋干菜牛肉面,
4158,笋干炒五花肉,
4159,笋干烧排骨,
4160,笋烧肉,
4161,酥皮面包,
4162,酥皮泡芙,
4163,酥皮水果派,
4164,酥皮五仁月饼,
4165,素三丝,
4166,苏式爆鱼,
4167,素食笔管意大利面,
4168,苏式红烧肉,
4169,苏式肉月饼,
4170,苏式五香熏鱼,
4171,苏式鲜肉月饼,
4172,苏氏鲜肉月饼,
4173,苏式月饼之蛋黄酥,
4174,素鱼香肉丝,
4175,素炸春卷,
4176,酥炸带鱼,
4177,素炸豆卷,
4178,素斋回锅肉,
4179,速煮馄饨,
4180,粟子焖鸡,
4181,泰国拌木瓜丝,
4182,泰国烤虾,
4183,泰式菠萝饭,
4184,泰式酱汁小黄鱼,
4185,泰式鸡肉串,
4186,泰式咖喱虾,
4187,泰式辣酱拌秋葵,
4188,台式三杯鸡,
4189,台式三杯鸡翅,
4190,泰式酸辣凤爪,
4191,泰式蒜香肉末面包,
4192,台式盐酥鸡,
4193,苔条花卷,
4194,台湾盐酥鸡,
4195,糖宝馒头,
4196,糖炒花生,
4197,糖炒橘味栗子,
4198,糖炒栗子,
4199,汤种挤挤面包,
4200,糖醋脆皮豆腐,
4201,糖醋大排,
4202,糖醋大虾,
4203,糖醋凤尾白菜,
4204,糖醋莲藕,
4205,糖醋莲藕丸子,
4206,糖醋里脊,
4207,糖醋鲤鱼,
4208,糖醋鲈鱼,
4209,糖醋木耳,
4210,糖醋藕片,
4211,糖醋素排骨,
4212,糖醋虾干,
4213,糖醋小黄鱼,
4214,糖醋小排,
4215,糖醋虾仁,
4216,糖醋鱼,
4217,糖醋圆白菜,
4218,糖桂花饼干,
4219,糖桂花五花肉,
4220,糖葫芦蛋糕,
4221,糖烤板栗,
4222,糖烤栗子,
4223,汤面,
4224,烫面葱油饼,
4225,烫面蛋糕卷,
4226,烫面千层肉饼,
4227,烫面轻乳酪蛋糕,
4228,糖霜花生,
4229,糖霜花生米,
4230,糖水金桔,
4231,糖酥饼,
4232,糖心西红柿,
4233,糖油果子,
4234,糖蒸鲳鱼,
4235,糖渍橙皮丝,
4236,糖渍金桔,
4237,糖渍柠檬胡萝卜,
4238,桃李汁,
4239,桃山月饼,
4240,桃胶参果茶,
4241,桃胶雪梨桂花羹,
4242,桃胶雪燕羹,
4243,藤椒鸡,
4244,甜菜橙汁,
4245,甜菜头炒肉末,
4246,蚕豆腊肠焖饭,
4247,蚕豆米粉丝肉丸汤,
4248,甜豆肉丝,
4249,蚕豆玉米笋炒鸡肉,
4250,天鹅泡芙,
4251,天鹅鲜奶泡芙,
4252,甜酱爆肉炒蒜苔,
4253,甜椒小炒肉,
4254,甜辣椒酱,
4255,甜辣烤猪排,
4256,天麻筒骨汤,
4257,甜美小蛋糕,
4258,天使蛋糕,
4259,天使蜜蜂麦兜蛋糕,
4260,甜酸猪肉丸,
4261,甜汤,
4262,甜甜圈奶茶布丁,
4263,甜心紫薯糕,
4264,田园糙米饭,
4265,田园炒面条,
4266,田园时蔬鸡丁,
4267,田园土豆饼,
4268,田园鲜虾披萨,
4269,苕皮回锅肉,
4270,条纹几何造型便当,
4271,铁板黑椒肠仔鸡蛋,
4272,铁板蒜蓉虾,
4273,铁板鱿鱼,
4274,铁板鱿鱼串,
4275,铁皮枫斗孔雀汤,
4276,提拉米苏小饼干,
4277,提子小面包,
4278,土豆炒肉丝,
4279,土豆疙瘩汤,
4280,土豆红烧肉,
4281,土豆鸡蛋软饼,
4282,土豆鸡蛋寿司,
4283,土豆鸡块,
4284,土豆咖喱鸡,
4285,土豆腊肠焖饭,
4286,土豆辣椒丝,
4287,土豆腊肉焖饭,
4288,土豆焖饭,
4289,土豆面包,
4290,土豆酿苦瓜,
4291,土豆泥曲奇饼,
4292,土豆泥沙拉堡,
4293,土豆牛肉焖饭,
4294,土豆泥芝士焗大虾,
4295,土豆浓汤,
4296,土豆排骨鸡胸肉,
4297,土豆肉饼,
4298,土豆沙拉,
4299,土豆烧鸡肉,
4300,土豆烧牛肉1,
4301,土豆烧肉,
4302,土豆丝,
4303,土豆丝炒肉,
4304,土豆丝韭菜炒豆芽,
4305,土豆丝卷饼,
4306,土豆炖鸡,
4307,土豆炖腊肉,
4308,土豆炖牛筋,
4309,土豆炖牛肉,
4310,土豆炖羊排,
4311,土豆丸子,
4312,土豆午餐肉煎饼,
4313,土豆虾仁意面,
4314,土豆洋葱饼,
4315,土豆蒸腊肠,
4316,推推乐蛋糕,
4317,土煎牛排,
4318,土鸡椰肉汤,
4319,吞拿鱼三明治,
4320,吞拿鱼沙拉面包,
4321,炖烧排骨,
4322,吐司火山冰激凌,
4323,吐司披萨,
4324,吐司香蕉片,
4325,兔子香肠面包,
4326,外婆菜炒肉丁,
4327,外婆香兔肉,
4328,外婆蒸鸡蛋,
4329,豌豆炒肉末,
4330,豌豆尖圆子汤,
4331,豌豆凉粉,
4332,豌豆苗炒肉丝,
4333,豌豆蹄花汤,
4334,豌豆猪肉丸子汤,
4335,网格芒果苹果派,
4336,网格双果派,
4337,汪明明便当,
4338,玩转汤圆,
4339,娃娃洗澡蛋糕,
4340,微波脆香牛肉干,
4341,微波红枣糕,
4342,微波炉红烧肉,
4343,微波炉淮山蒸排骨,
4344,微波柠檬小蛋糕,
4345,微波茄汁鱼,
4346,微波肉末茄子,
4347,微波手撕茄子,
4348,微波蒜蓉开背虾,
4349,微波蒜香南瓜,
4350,微波蒜香生蚝,
4351,微波猪血,
4352,味噌包菜肉卷,
4353,味噌烧猪肉,
4354,唯美鲜花布丁,
4355,味增鳕鱼,
4356,闻喜饼,
4357,温州风味腊鸡翅,
4358,温州麦饼,
4359,温州鱼丸,
4360,窝蛋牛肉粥,
4361,莴笋炒腐竹,
4362,莴笋炒鸡蛋,
4363,莴笋炒肉,
4364,莴笋炒香肠,
4365,莴笋炒猪肚,
4366,莴笋酱肉丁,
4367,莴笋腊肉丁,
4368,莴笋山药炒肉丁,
4369,莴笋香干丸子汤,
4370,莴笋叶鸡蛋煎饼,
4371,五彩福气卷,
4372,五彩麻汁凉面,
4373,五彩糯米饭,
4374,午餐肉番茄肉末羹,
4375,五豆豆浆,
4376,五福炒年糕,
4377,乌龟便当,
4378,五谷米糊,
4379,五谷杂豆粥,
4380,五谷杂粮养生粥,
4381,五谷杂粮粥,
4382,五花肉煸杏鲍菇,
4383,五花肉炒苦瓜,
4384,五花肉炒芹菜,
4385,五花肉炒芋头,
4386,五花肉煎豆腐,
4387,五花肉烧墨鱼,
4388,五花香豆腐,
4389,乌鸡馄饨拌辣酱,
4390,乌鸡汤面,
4391,乌鸡炖腐竹,
4392,五柳烧鱼,
4393,乌龙茶叶奶茶,
4394,五仁月饼,
4395,五色消暑豆浆,
4396,无水红烧肉,
4397,无水排骨,
4398,无糖蛋糕,
4399,五味鸭,
4400,五香串串豆干,
4401,五香花生,
4402,五香花生毛豆,
4403,五香烤鱼,
4404,五香毛豆,
4405,五香肉干,
4406,五香水煮花生,
4407,五香炖牛肉,
4408,五香文蛤炒饭,
4409,五香牙签肉,
4410,五香煮花生,
4411,无锡排骨,
4412,无烟叉烧肉,
4413,乌鸦趣味便当,
4414,无油蜂蜜蛋糕,
4415,无油黑椒炸虾,
4416,无油可可戚风蛋糕,
4417,无油牛奶戚风蛋糕,
4418,无油土豆丝饼,
4419,无油烟粉蒸肉,
4420,无油纸杯蛋糕,
4421,五指毛桃乌鸡汤,
4422,虾豆面,
4423,虾黄牛丸汤,
4424,虾米腊肠蒸饭,
4425,鲜鲍鱼瘦肉汤,
4426,苋菜肉末粥,
4427,鲜蚝瘦肉粥,
4428,咸蛋黄黑芝麻酥,
4429,咸蛋黄焗南瓜,
4430,咸蛋黄焗薯条,
4431,咸蛋黄蒸肉,
4432,咸蛋蒸肉饼,
4433,香菜豆腐肉饼,
4434,香菜牛肉饺子,
4435,香菜沙拉,
4436,香菜猪肉馅饺子,
4437,香草冰淇淋,
4438,香草蜂蜜蛋糕,
4439,香草海绵蛋糕,
4440,香草烤鱼,
4441,香草口蘑,
4442,香草慕斯蛋糕,
4443,香草奶油蛋糕,
4444,香草曲奇,
4445,香肠菜饭,
4446,香肠炒千页豆腐,
4447,香肠炒蒜苔,
4448,香肠炒土豆片,
4449,香肠蛋丝面,
4450,香肠石锅拌饭,
4451,香橙海绵蛋糕,
4452,香橙酱吐司,
4453,香橙戚风蛋糕,
4454,香椿拌黄豆,
4455,香椿炒春笋,
4456,香醇红枣豆浆,
4457,香椿芽蛋花汤,
4458,香葱叉烧吐司,
4459,香葱花卷,
4460,香葱花蕾煎鸡蛋,
4461,香葱火腿芝士面包,
4462,香葱煎鸭蛋,
4463,香葱鸡蛋饼,
4464,香葱鸡蛋煎饼,
4465,香葱面包,
4466,香葱面包片,
4467,香葱培根面包,
4468,香葱肉松面包,
4469,香葱小南瓜,
4470,香葱小肉饼,
4471,香葱榨菜炒鸡蛋,
4472,香醋拌芹菜花生米,
4473,香脆家常饼,
4474,香脆辣鸡腿,
4475,乡村蛋糕,
4476,香干炒绿豆芽,
4477,香干炒肉丝,
4478,香干虫草花肉酱,
4479,香干黄豆芽,
4480,香干回锅肉,
4481,香干四季豆,
4482,香干丸子煮粉,
4483,香菇百合炒荷兰豆,
4484,香菇扒油菜,
4485,香菇菜心,
4486,香菇炒菠菜,
4487,香菇炒肉片,
4488,香菇大肉打卤面,
4489,香菇豆腐鲫鱼汤,
4490,香菇豆腐镶肉,
4491,香菇豆豉酱,
4492,香菇蛤蜊海鲜粥,
4493,香菇红烧肉,
4494,香菇回锅肉,
4495,香菇火腿炒饭,
4496,香菇鸡蛋盖浇饭,
4497,香菇鸡肉披萨,
4498,香菇鸡汤面,
4499,香菇鸡汤粥,
4500,香菇鸡腿盖浇饭,
4501,香菇可乐鸡腿,
4502,香菇腊肠焖饭,
4503,香菇萝卜汤,
4504,香菇卤肉焖饭,
4505,香菇焖鸡,
4506,香菇焖鸡翅,
4507,香菇木耳双色饺子,
4508,香菇酿肉,
4509,香菇酿肉丸,
4510,香菇青菜蛋炒饭,
4511,香菇肉焖豆腐,
4512,香菇肉丸芝士吐司,
4513,香菇瘦肉煎饺,
4514,香菇蒜焖鸡,
4515,香菇炖柴鸡,
4516,香菇炖鸡,
4517,香菇炖排骨汤,
4518,香菇炖猪蹄,
4519,香菇小馄饨,
4520,香菇西葫芦,
4521,香菇油菜,
4522,香菇油菜包子,
4523,香菇云耳蒸鸡翅,
4524,香菇蒸滑鸡,
4525,香菇蒸鳕鱼,
4526,香菇猪肉酱,
4527,香菇猪肉馅饼,
4528,香河肉饼,
4529,香煎带鱼,
4530,香煎大明虾,
4531,香煎豆腐,
4532,香煎狗棍咸鱼,
4533,香煎黑椒蚝油鸡腿,
4534,香煎黑椒牛排,
4535,香煎核桃饼,
4536,香煎花样馒头,
4537,香煎井冈霉鱼,
4538,香煎里脊,
4539,香煎龙利鱼,
4540,香煎罗非鱼,
4541,香煎马鲛鱼,
4542,香煎平鱼,
4543,香煎茄饼,
4544,香煎茄片,
4545,香煎土豆蘑菇,
4546,香煎五彩鸡肉串,
4547,香煎小土豆,
4548,香煎西葫芦,
4549,香煎羊排,
4550,香煎鱼饼,
4551,香煎玉米饼,
4552,香煎芝加哥牛仔骨,
4553,香蕉磅蛋糕,
4554,香蕉班戟卷,
4555,香蕉草莓酱吐司,
4556,香蕉蛋糕,
4557,香蕉核桃冰激凌,
4558,香蕉橘子奶昔,
4559,香蕉奶昔,
4560,香蕉牛奶燕麦粥,
4561,香蕉派,
4562,香蕉片,
4563,香蕉色拉春卷,
4564,香蕉松饼,
4565,香蕉吐司布丁,
4566,香蕉小饼,
4567,香蕉燕麦片,
4568,香烤带鱼,
4569,香烤鸡翅根,
4570,香烤鸡排,
4571,香烤琵琶腿,
4572,香烤羊心片,
4573,香烤玉米,
4574,香辣八带鱼,
4575,香辣拌豇豆,
4576,香辣拌面,
4577,香辣爆羊肝,
4578,香辣炒面,
4579,香辣炒片片,
4580,香辣炒羊肉,
4581,香辣葱油拌面,
4582,香辣豆鼓萝卜干,
4583,香辣豆花肉片,
4584,香辣肥牛金针菇,
4585,香辣过江滑猪肝,
4586,香辣海鲜炒面,
4587,香辣红烧牛尾,
4588,香辣花甲丸子,
4589,香辣酱炒牛筋,
4590,香辣鸡脆骨,
4591,香辣韭菜土豆煎饼,
4592,香辣基围虾,
4593,香辣鲫鱼,
4594,香辣咖喱牛肉干,
4595,香辣口水鸡,
4596,香辣凉皮,
4597,香辣木耳炒香干,
4598,香辣牛肉干,
4599,香辣牛肉面,
4600,香辣牛肉笋,
4601,香辣藕丁,
4602,香辣藕丝,
4603,香辣皮蛋豆腐,
4604,香辣啤酒鸭,
4605,香辣肉末茄子,
4606,香辣山坑鱼,
4607,香辣水煮鱼,
4608,香辣素食豆腐,
4609,香辣太阳鱼,
4610,香辣土豆,
4611,香辣土豆牛肉,
4612,香辣土豆片,
4613,香辣土豆烧排骨,
4614,香辣土豆丝,
4615,香辣虾,
4616,香辣小螺蛳,
4617,香辣虾仁蒸南瓜,
4618,香辣鸭块面,
4619,香辣洋葱猪肉丸子,
4620,香辣羊蝎子,
4621,香辣牙签肉,
4622,香辣榨菜酱,
4623,香辣炸鸡,
4624,香辣榨茄子,
4625,香辣孜然小土豆,
4626,香卤鸡,
4627,香卤鸭,
4628,香茅鸡腿肉,
4629,香茅烤鸡,
4630,香茅牛肉汤,
4631,香浓烤排骨,
4632,香浓奶油蘑菇汤,
4633,香浓小土司,
4634,香浓虾粥,
4635,香浓芝士面包,
4636,香芹炒荷兰豆,
4637,香肉双丝卷,
4638,相思饭,
4639,香蒜金黃炒饭,
4640,香蒜腊肠鸡,
4641,香蒜蜜汁排骨,
4642,香酥白银虾,
4643,香酥葱油饼,
4644,香酥带鱼,
4645,香酥黑芝麻蛋卷,
4646,香酥焗鸭腿,
4647,香酥烤鸡,
4648,香酥曲奇,
4649,香酥小黄鱼,
4650,香酥小麻花,
4651,香酥小面包,
4652,香酥羊肉,
4653,香酥油饼,
4654,香酥油条,
4655,香酥炸鸡排,
4656,香酥炸鱼,
4657,香酥蒸鸡,
4658,香酥紫薯面包卷,
4659,香桃奶酪火锅,
4660,香甜菠萝饭,
4661,香甜粉玫瑰馒头,
4662,香甜烤馒头,
4663,香甜烤玉米,
4664,香甜苹果派,
4665,咸瓜炒肉片,
4666,鲜果裸蛋糕,
4667,湘西土匪鸭,
4668,响油黄瓜卷,
4669,香芋酥饼,
4670,香糟凤爪,
4671,香炸带鱼,
4672,香炸萝卜丸子,
4673,香炸鱿鱼圈,
4674,香蒸凤爪,
4675,鲜花裸蛋糕,
4676,鲜花玫瑰饼,
4677,鲜煎鸡胸肉,
4678,鲜烤大块肋排,
4679,鲜莲肉桂茶,
4680,鲜莲子豆浆,
4681,鲜蘑肉片,
4682,鲜奶油泡芙,
4683,鲜荞牛腩,
4684,咸肉菜饭,
4685,咸肉豆瓣杂粮饭,
4686,鲜肉馄饨,
4687,鲜肉酥,
4688,鲜肉莴笋云吞面,
4689,咸肉香芋大米粥,
4690,鲜肉虾仁大馄饨,
4691,鲜肉月饼,
4692,鲜肉蒸馄饨,
4693,咸瘦肉粥,
4694,鲜蔬酱烧牛腩,
4695,鲜蔬米纸卷,
4696,鲜汤豆腐,
4697,鲜甜花蟹粥,
4698,纤体柠檬汁,
4699,鲜虾菠菜蛋饼,
4700,鲜虾炒西兰花,
4701,鲜虾干贝粥,
4702,鲜虾海参粥,
4703,鲜虾蛤蜊冬瓜汤,
4704,鲜虾烩豆腐,
4705,鲜虾金瓜米粉,
4706,鲜虾菌菇米线,
4707,咸香花生糊,
4708,咸香花生米,
4709,鲜香绵软回锅肉,
4710,咸香鸭腿,
4711,鲜虾酿苦瓜,
4712,咸鲜紫薯米糊,
4713,鲜虾培根披萨,
4714,鲜虾热汤面,
4715,鲜虾肉松饭团,
4716,鲜虾什蔬卷,
4717,鲜虾蔬菜粥,
4718,鲜虾汤面,
4719,鲜虾小肉饼,
4720,鲜虾西葫蛋饼,
4721,鲜虾鱿鱼粥,
4722,鲜虾玉米丸,
4723,鲜虾煮粉丝,
4724,鲜鱿西兰花,
4725,鲜玉米发糕,
4726,小白菜鸡蛋汤,
4727,小白菜软饼,
4728,小白菜猪肉饺子,
4729,小白豆角素焖面,
4730,小笨鸡炖蘑菇,
4731,小煸带鱼,
4732,小炒茭白,
4733,小炒腊牛肉,
4734,小炒腊猪耳,
4735,小炒牛肉,
4736,小炒肉,
4737,小炒肉丝,
4738,小炒豌豆,
4739,小炒香干,
4740,小炒杏鲍菇,
4741,小丑雪人蛋挞,
4742,小肥羊火锅烤鱼,
4743,小黄人生日蛋糕,
4744,小黄鸭烧果子,
4745,小姜饼,
4746,小鸡和果子,
4747,小鸡烧果子,
4748,小鸡炖蘑菇,
4749,小龙虾肉月饼,
4750,小龙虾月饼,
4751,小鹿爱心饭团便当,
4752,小麻花,
4753,小麦胚芽吐司,
4754,小猫咪咖喱牛肉饭,
4755,小米发糕,
4756,小米饭,
4757,小米疙瘩汤,
4758,小米椒爆炒小公鸡,
4759,小米南瓜饼,
4760,小米肉丸配西兰花,
4761,小米玉米渣粥,
4762,小米蒸五花肉,
4763,小山布丁,
4764,小狮子便当,
4765,小四卷,
4766,小碎花奶油蛋糕,
4767,小酥肉,
4768,小土豆烧排骨,
4769,小香肠炒莴笋丝,
4770,小熊蛋糕,
4771,小熊黄油曲奇,
4772,小熊三明治,
4773,小熊汤圆,
4774,小熊维尼面包,
4775,小熊鲜虾米汉堡,
4776,小熊杏仁饼干,
4777,小熊星星泡澡饭,
4778,小喜鹊面包,
4779,小鸭子糖霜饼干,
4780,小油菜鱼丸汤,
4781,胶原四宝羹,
4782,小纸杯可可蛋糕,
4783,虾皮菠菜,
4784,虾皮冬瓜,
4785,虾皮韭菜,
4786,虾皮丝瓜粥,
4787,虾皮小油菜,
4788,虾球佐意面,
4789,虾仁炒白菜,
4790,虾仁炒蒜苔,
4791,虾仁炒蚕豆,
4792,虾仁冬瓜海鲜羹,
4793,虾仁豆腐羹,
4794,虾仁滑炒蛋,
4795,虾仁鸡蛋羹,
4796,虾仁菌菇汤面,
4797,虾仁米粉,
4798,虾仁酿香菇,
4799,虾仁培根焗饭,
4800,虾仁青豆玉米,
4801,虾仁三明治,
4802,虾仁香菇粥,
4803,虾仁西兰花,
4804,虾仁芝士炒饭,
4805,夏日味增汤,
4806,虾茸蒸豆腐,
4807,虾丸萝卜汤,
4808,夏威夷菠萝油汉堡,
4809,夏威夷果炒西芹,
4810,虾油面,
4811,西班牙海鲜饭,
4812,西班牙冷菜汤,
4813,西班牙土豆饼,
4814,蟹棒迷你蛋饼,
4815,血糯米冰淇淋,
4816,蟹肉番茄千层派,
4817,蟹粥,
4818,西瓜饼干,
4819,西瓜果冻,
4820,西瓜皮炒鸡蛋,
4821,西瓜三色吐司,
4822,西红柿炒鸡蛋,
4823,西红柿炒土豆片,
4824,西红柿打卤面,
4825,西红柿蛋汤,
4826,西红柿疙瘩汤,
4827,西红柿煎蛋骨汤面,
4828,西红柿鸡蛋疙瘩汤,
4829,西红柿鸡蛋面,
4830,西红柿茄子拌面,
4831,西红柿土豆筒骨汤,
4832,西红柿炖牛肉,
4833,西红柿羊肉面汤,
4834,西红柿鱼汤,
4835,西葫芦饼,
4836,西葫芦炒蛋,
4837,西葫芦炒鸡蛋,
4838,西葫芦炒肉片,
4839,西葫芦炒猪肉,
4840,西葫芦红油水饺,
4841,西葫芦鸡蛋卷,
4842,西葫芦馅饼,
4843,西湖牛肉羹,
4844,西兰花拌木耳,
4845,西兰花炒鸡蛋,
4846,西兰花炒肉片,
4847,西兰花炒乌贼干,
4848,西兰花炒虾仁,
4849,西兰花豆腐鲫鱼汤,
4850,西兰花奶油浓汤,
4851,西兰花肉丸粥,
4852,西兰花烧排骨,
4853,西兰花咸面包,
4854,西兰花洋葱牛仔骨,
4855,新奥尔良烤鸡翅根,
4856,杏鲍菇炒鸡丁,
4857,杏鲍菇炒牛肉,
4858,杏鲍菇炒肉,
4859,杏鲍菇炒肉丝,
4860,杏鲍菇豆豉肉酱面,
4861,杏鲍菇黄焖鸡翅,
4862,杏鲍菇烩大白菜,
4863,杏鲍菇煎鸡蛋,
4864,杏鲍菇木耳炒豌豆,
4865,杏鲍菇培根卷,
4866,幸福花儿饼干,
4867,幸福满溢流心蛋糕,
4868,星空巧克力,
4869,星空燕窝,
4870,杏仁杯子蛋糕,
4871,杏仁薄饼,
4872,杏仁粉小饼干,
4873,杏仁糊,
4874,杏仁焦糖苹果派,
4875,杏仁抹茶饼干,
4876,杏仁奶布丁,
4877,杏仁曲奇,
4878,杏仁无油无水蛋糕,
4879,杏仁香酥粒苹果派,
4880,幸运签语饼,
4881,杏子冰激凌,
4882,新疆大盘鸡,
4883,心形金砖蛋糕,
4884,心形玫瑰曲奇,
4885,熊猫饼干,
4886,熊猫馒头,
4887,熊猫造型饭团便当,
4888,西芹拌腐竹,
4889,西芹炒腊肉,
4890,西芹炒肉片,
4891,西芹香干,
4892,西趣白酱意大利面,
4893,细沙肉松酥饼,
4894,绣球馒头,
4895,绣球面包,
4896,西洋菜鲫鱼汤,
4897,西洋参石斛乌鸡汤,
4898,喜羊羊小蛋糕,
4899,西柚青柠鸡尾酒,
4900,炫彩杯子蛋糕,
4901,炫彩冰皮月饼,
4902,旋风巧克力磅蛋糕,
4903,玄米茶酥饼干,
4904,雪菜扒豆腐,
4905,雪菜肉末烧豆腐,
4906,雪菜蚕豆米炒香肠,
4907,雪菊山楂茶,
4908,雪梨黑豆米糊,
4909,雪里蕻炒毛豆,
4910,雪里红炒肉末,
4911,雪里红春笋,
4912,雪梨南北杏猪骨汤,
4913,雪梨香橙蜂蜜汁,
4914,雪梨燕窝,
4915,雪梨银耳润肺羹,
4916,雪梨猪肺汤,
4917,雪梨猪展汤,
4918,雪茄饼干,
4919,雪娃娃翻糖蛋糕,
4920,鳕鱼块便当,
4921,鳕鱼潜艇汉堡,
4922,鳕鱼炖豆腐,
4923,鳕鱼粥,
4924,薰衣草柠檬茶,
4925,芽菜肉,
4926,压锅鸡爪,
4927,盐菜蒸腊肉,
4928,广东叉烧肉,
4929,广东姜葱鸡,
4930,广东腊味糯米饭,
4931,广东绿豆沙月饼,
4932,广东三丝炒河粉,
4933,广东豉汁蒸排骨,
4934,广东艇仔粥,
4935,广东香菇菜心,
4936,洋葱炒蛋,
4937,洋葱炒豆干,
4938,洋葱炒肚丝,
4939,洋葱炒牛肉,
4940,洋葱炒西红柿,
4941,洋葱炒雪花牛肉片,
4942,洋葱炒熏干,
4943,洋葱炒鸭蛋,
4944,洋葱炒猪肝,
4945,洋葱韭菜炒鸭脯肉,
4946,洋葱卤肉饭,
4947,洋葱米糊加牛肉粉,
4948,洋葱土豆饼,
4949,洋葱虾仁炒蛋,
4950,洋葱鱿鱼卷,
4951,洋葱鱿鱼须,
4952,洋葱芝士手撕面包,
4953,羊肝炒青椒,
4954,羊骨汤,
4955,羊蝎子火锅,
4956,杨梅陈皮鸭,
4957,羊肉包子,
4958,羊肉饼,
4959,羊肉火锅,
4960,羊肉萝卜汤,
4961,羊肉焖土豆,
4962,羊肉片汤,
4963,羊肉手抓饭,
4964,羊肉汤,
4965,羊肉汤裤带面,
4966,养生二米粥,
4967,养生红花面包,
4968,养生鸡汤,
4969,养生菌菇汤,
4970,养生小米海参,
4971,养胃红枣猪肚汤,
4972,养血三红粥,
4973,养血生发粥,
4974,养颜红枣薏米糊,
4975,羊杂汤,
4976,扬州蛋炒饭,
4977,盐焗大虾,
4978,盐焗鸡,
4979,盐焗虾,
4980,盐烤花生米,
4981,燕麦红枣核桃饼干,
4982,燕麦栗子糊,
4983,燕麦苹果奶糊,
4984,燕麦土司,
4985,燕麦香蕉饼,
4986,燕麦香蕉卷,
4987,燕麦香蕉奶昔,
4988,广式脆皮烧肉,
4989,广式蛋黄豆沙月饼,
4990,广式豆沙月饼,
4991,广式莲蓉蛋黄月饼,
4992,广式奶油椰蓉月饼,
4993,岩石巧克力,
4994,广式月饼,
4995,盐水菜心,
4996,盐水鸡腿,
4997,盐水西洋菜,
4998,盐酸菜煮黄蜡丁,
4999,烟熏三文鱼意面,
5000,药材炖排骨汤,
5001,腰果爆香酥虾,
5002,腰果牛轧糖,
5003,腰果酥小饼,
5004,瑶柱沙虫瘦肉粥,
5005,瑶柱瘦肉水瓜汤,
5006,牙签牛肉,
5007,牙签肉,
5008,牙签羊肉,
5009,鸭胗炖鸭肉,
5010,野淮山玉米猪蹄汤,
5011,野淮山杂粮粥,
5012,椰浆紫米粥,
5013,椰奶冻糕,
5014,野芹菜春卷,
5015,椰蓉大吐司,
5016,椰蓉豆沙蛋糕卷,
5017,椰蓉红豆馅汤圆,
5018,椰蓉开口酥,
5019,椰蓉蔓越莓馅月饼,
5020,椰蓉面包,
5021,椰蓉面包布丁,
5022,椰蓉面包卷,
5023,椰蓉巧克力面包,
5024,椰蓉手撕面包,
5025,椰蓉吐司,
5026,椰蓉小面包,
5027,椰肉银耳鸡汤,
5028,野山椒煸兔丁,
5029,野山椒炒鸭肉,
5030,野山椒豆豉蒸鸡腿,
5031,野山椒红烧鱼,
5032,野山椒杏鲍菇,
5033,野山笋炒花生米,
5034,野山笋煮龙骨,
5035,椰丝饼干,
5036,椰丝汤种面包,
5037,椰香白吐司,
5038,椰香草莓软酥饼,
5039,椰香菊花面包,
5040,椰香芒果糯米饭,
5041,椰香蔓越莓卷,
5042,椰香南瓜派,
5043,椰香戚风蛋糕,
5044,椰香桃酥,
5045,椰香紫薯小蛋糕,
5046,野芝麻粉炒榨菜丝,
5047,椰子煲老鸡,
5048,椰子炖鸡汤,
5049,意大利脆饼,
5050,意大利通心粉,
5051,意粉或面条,
5052,一个番茄饭,
5053,一键式菠菜吐司,
5054,一口蘑,
5055,一口酥,
5056,一口鲜腐皮卷,
5057,薏米白果筒骨汤,
5058,薏米冬瓜骨头汤,
5059,薏米芡实山药粥,
5060,薏米燕麦豆浆,
5061,银耳大枣羹,
5062,银耳红豆羹,
5063,银耳红枣羹,
5064,银耳莲子羹,
5065,银耳莲子红枣羹,
5066,银耳马蹄甜汤,
5067,银耳木瓜美容羹,
5068,银耳桃胶甜汤,
5069,银耳雪梨红枣羹,
5070,银耳雪梨烙神羹,
5071,樱饼,
5072,樱花蛋糕卷,
5073,樱花肉松蛋糕卷,
5074,樱花香草烤鸡,
5075,樱花椰奶糕,
5076,应季小吃萝卜糕,
5077,英伦黄油曲奇,
5078,英式玫瑰奶茶,
5079,樱桃果酱冰淇淋,
5080,樱桃黑巧奶油蛋糕,
5081,樱桃酱毛毛虫面包,
5082,樱桃酒味果冻,
5083,樱桃戚风蛋糕,
5084,营养蒸鸡蛋,
5085,营养滋补高汤面,
5086,硬芝士,
5087,硬质小面包卷,
5088,鹰嘴豆炒三丁,
5089,鹰嘴豆豆浆,
5090,鹰嘴豆番茄糊,
5091,鹰嘴豆沙拉,
5092,银鳕鱼配香柠汁,
5093,银芽滑蛋鲜鱼,
5094,银鱼炒蛋,
5095,银鱼蚕豆汤,
5096,印章饼干,
5097,一品鲳鱼,
5098,一品芋头,
5099,一人食火锅,
5100,薏仁玉米粥,
5101,意式咖啡脆饼,
5102,意式咖啡卷,
5103,意式奶油布丁,
5104,意式肉酱面,
5105,意式鲜虾肉丸披萨,
5106,一碗热汤面,
5107,一整颗番茄饭,
5108,永康肉麦饼,
5109,油爆花蛤,
5110,油爆虾,
5111,油菜红烧肉,
5112,油醋汁吐司沙拉,
5113,油豆腐炒螃蟹,
5114,油豆腐干,
5115,油豆腐塞肉,
5116,油豆腐香菇白菜,
5117,油豆腐镶肉,
5118,油淋芦笋,
5119,油淋生菜,
5120,油淋蒜香芦笋,
5121,油焖大虾,
5122,油焖尖椒,
5123,油焖竹笋,
5124,油泼辣子拌馄饨,
5125,油泼辣子龙利鱼,
5126,油泼面,
5127,油酥明太鱼,
5128,油条虾,
5129,柚香蓝莓面包布丁,
5130,油香懒人焖饭,
5131,柚香渍萝卜,
5132,油盐饼,
5133,油盐卷,
5134,鱿鱼干莲藕汤,
5135,鱿鱼干莲藕猪骨汤,
5136,油渣辣炒笋干,
5137,油渣酸菜馅饼,
5138,油炸甜甜圈,
5139,油炸香芋片,
5140,元宝肉,
5141,芫爆土豆丝,
5142,元宝肘子,
5143,圆乎乎刺猬包子,
5144,原汤牛筋滚子面,
5145,原味蛋糕卷,
5146,原味豆浆,
5147,原味海螺,
5148,原味华夫饼,
5149,原味奶茶,
5150,原味排骨玉米,
5151,原味泡芙,
5152,原味戚风蛋糕,
5153,原味圆饼,
5154,原味玉米粥,
5155,原汁烤花蛤,
5156,芋儿烧排骨,
5157,月盛斋酱牛肉,
5158,渔歌菊花鱼,
5159,鱼骨粥,
5160,玉米棒骨汤,
5161,玉米肠面包,
5162,玉米蛋花羹,
5163,玉米蛋花粥,
5164,玉米枸杞银耳羹,
5165,玉米黄豆焖猪蹄,
5166,玉米馒头,
5167,玉米面包,
5168,玉米面馒头,
5169,玉米面酸菜饼,
5170,玉米牛肉煎饼,
5171,玉米牛肉汤,
5172,玉米排骨汤,
5173,玉米三杯鸡,
5174,玉米山药猪蹄汤,
5175,玉米烧骨肉,
5176,玉米小蛋糕,
5177,玉米猪骨汤,
5178,玉米猪肉饺子,
5179,鱼腩粥,
5180,芸豆山药糕,
5181,云耳山药,
5182,云南脆皮豌豆凉粉,
5183,云尼拿奶香曲奇,
5184,云腿月饼,
5185,鱼片豆腐汤,
5186,鱼片砂锅粥,
5187,鱼片生菜粥,
5188,鱼肉酿豆腐,
5189,鱼肉酿青椒,
5190,鱼汤炖豆腐,
5191,鱼头豆腐汤,
5192,芋头红烧肉,
5193,芋头绿茶卷,
5194,芋头烧泥鳅,
5195,芋头烧鸭,
5196,芋头馅面包,
5197,鱼尾节瓜汤,
5198,鱼香大虾,
5199,鱼香豆腐丝,
5200,鱼香凤爪,
5201,鱼香茭白,
5202,鱼香鸡丝,
5203,鱼香茄子拌饭,
5204,鱼香肉丝,
5205,鱼香素肉丝,
5206,玉竹百合炖老鸭,
5207,玉竹沙参炖老鸭,
5208,鱼籽炒萝卜干,
5209,鱼子酱三文鱼意面,
5210,鱼籽煎鸡蛋,
5211,杂菜腊肠面包,
5212,杂菌粥,
5213,杂粮豆浆,
5214,杂粮煎饼果子,
5215,杂粮粥,
5216,糟方腐乳炒白菜,
5217,枣糕,
5218,枣花馒头,
5219,枣花酥,
5220,皂角米银耳羹,
5221,皂角米银耳汤,
5222,糟溜鱼片,
5223,枣泥核桃蛋糕,
5224,枣泥酥饼,
5225,枣香养生米糊,
5226,杂蔬焖饭,
5227,杂蔬培根焗饭,
5228,甑糕,
5229,榨菜炒肉,
5230,榨菜开洋葱油拌面,
5231,榨菜牛肉馅饼,
5232,榨菜芹菜肉丝汤,
5233,榨菜肉丝,
5234,榨菜肉馅煎蛋饼,
5235,榨菜丝毛豆豆腐,
5236,榨菜蒸皖鱼,
5237,炸锅烤羊排,
5238,炸河虾,
5239,斋炒河粉,
5240,炸酱拌面,
5241,炸江丝,
5242,炸馒头片,
5243,炸蘑菇,
5244,炸南瓜丸子,
5245,章鱼小丸子面包,
5246,蘸水面,
5247,招财猫便当,
5248,照烧鸡排饭,
5249,照烧鸡肉饭,
5250,照烧鸡腿,
5251,照烧鸡腿饭,
5252,照烧汁,
5253,朝鲜杂酱冷面,
5254,朝鲜族酱牛肉,
5255,扎肉,
5256,炸酥肉,
5257,炸素丸子,
5258,炸香椿鱼,
5259,炸香丝,
5260,炸小虾,
5261,炸虾片,
5262,炸虾寿司卷,
5263,炸鱿鱼圈,
5264,炸鱼,
5265,炸鱼堡,
5266,炸猪排,
5267,蒸白菜卷,
5268,蒸鳊鱼,
5269,蒸蛋羹,
5270,蒸黑鱼卷,
5271,蒸槐花,
5272,蒸花卷,
5273,蒸焦糖布丁,
5274,蒸鸡蛋羹,
5275,蒸卷粉,
5276,蒸烤南瓜排骨,
5277,蒸烤重乳酪蛋糕,
5278,蒸腊鱼,
5279,蒸马蹄肉丸,
5280,蒸明虾,
5281,蒸芹菜叶,
5282,蒸肉,
5283,蒸肉饼,
5284,蒸酥肉,
5285,蒸茼蒿,
5286,蒸榆钱,
5287,蒸猪肝,
5288,蒸猪肉丸子,
5289,正宗美国德州牛排,
5290,正宗盐水鸭,
5291,镇江排骨,
5292,榛蘑炖鸭子,
5293,珍珠丸子,
5294,纸杯蛋糕,
5295,止咳川贝雪梨粥,
5296,芝麻红糖酒酿蒸糕,
5297,芝麻花生香浓豆浆,
5298,芝麻酱拌菠菜,
5299,芝麻酱蒸糕,
5300,芝麻栗子小面包,
5301,芝麻如意饼干,
5302,芝麻盐花卷,
5303,汁酿茄子,
5304,芝士蛋糕,
5305,芝士凤梨酥,
5306,芝士酱炒饭,
5307,芝士焗阿根廷红虾,
5308,芝士焗白薯,
5309,芝士焗红薯,
5310,芝士焗口蘑,
5311,芝士焗时蔬炒饭,
5312,芝士焗土豆,
5313,芝士烤肉面包卷,
5314,芝士烤西兰花小米,
5315,芝士奶黄月饼,
5316,芝士培根焗饭,
5317,芝士溏心蛋糕,
5318,芝味脆吐司,
5319,芝香拌面,
5320,芝香南瓜饼,
5321,蜘蛛饼干,
5322,至尊披萨,
5323,至尊双鲜披萨,
5324,制作蜂蜜柚子茶,
5325,中种黑芝麻吐司,
5326,中种紫薯小面包,
5327,中筋面粉小面包,
5328,重庆豆花鱼,
5329,重庆鸡公煲,
5330,重庆烤鱼,
5331,重庆辣子鸡,
5332,重庆黔江鸡杂,
5333,重庆酸辣粉,
5334,重庆太安鱼,
5335,重庆小面,
5336,重芝士蛋糕,
5337,猪膀蹄白豆汤,
5338,猪肚白果汤,
5339,猪肝枸杞汤面,
5340,猪肝汤,
5341,猪骨煲苓薯茅根汤,
5342,猪骨豆腐汤,
5343,猪骨浓汤火锅,
5344,柱候酱焖鸭,
5345,柱候酱烧牛筋,
5346,猪皮花生眉豆汤,
5347,猪肉白菜饺子,
5348,猪肉白菜卷,
5349,猪肉白菜水饺,
5350,猪肉白菜馅饼,
5351,猪肉白菜馅馄饨,
5352,猪肉菜饭,
5353,猪肉大葱包子,
5354,猪肉豆角馅饼,
5355,猪肉豇豆馅包子,
5356,猪肉韭菜饺子,
5357,猪肉萝卜馅包子,
5358,猪肉萝卜馅饺子,
5359,猪肉片炒豆角,
5360,猪肉芹菜饺子,
5361,猪肉水晶饺子,
5362,猪肉酸菜水饺,
5363,猪肉炖粉条,
5364,猪肉香菇虾仁水饺,
5365,猪肉鲜虾水饺,
5366,猪肉小葱馅包子,
5367,猪肉芸豆大包子,
5368,猪手萝卜汤,
5369,竹笋红烧肉,
5370,竹笋肉丝,
5371,竹炭三明治,
5372,竹炭土司,
5373,猪蹄儿焖黄豆,
5374,猪蹄火锅,
5375,猪蹄烧土豆,
5376,猪油拌粉,
5377,猪油渣烧豆腐,
5378,猪踭焖白萝卜,
5379,滋补母鸡汤,
5380,滋补浓汤,
5381,滋补暖身鸡汤,
5382,滋补羊肉火锅,
5383,紫菜包饭,
5384,紫菜蛋花汤,
5385,紫菜鸡蛋饼,
5386,紫菜肉松蛋糕卷,
5387,紫菜虾米蛋花鸡汤,
5388,自发豆芽,
5389,自发面手工包子,
5390,粢饭糕,
5391,紫甘蓝炒肉丝,
5392,仔姜爆肉丝,
5393,仔姜炒腊肉,
5394,子姜炒鸭,
5395,仔姜回锅肉,
5396,仔姜小炒肉丝,
5397,紫荆花蔬菜汁花卷,
5398,仔鸡炖山药,
5399,紫皮饺子,
5400,孜然炒烤肉,
5401,孜然葱爆羊肉,
5402,孜然大葱炒肥牛,
5403,孜然烤鸡胗片,
5404,孜然烤香菇,
5405,孜然牛肉,
5406,孜然蒜香羊肉串,
5407,孜然土豆,
5408,孜然香烤金仓鱼,
5409,孜然香料烤翅根,
5410,孜然小猪排,
5411,孜然羊排,
5412,孜然牙签羊肉,
5413,孜然芋头芝士虾,
5414,紫薯饼,
5415,紫薯冰皮月饼,
5416,紫薯蛋卷,
5417,紫薯蛋挞,
5418,紫薯地瓜饼,
5419,紫薯发糕,
5420,紫薯风味寿司,
5421,紫薯红枣发糕,
5422,紫薯花生仁馅面包,
5423,紫薯凉糕,
5424,紫薯萝卜卷,
5425,紫薯米糊,
5426,紫薯慕斯蛋糕,
5427,紫薯牛角酥,
5428,紫薯千层吐司,
5429,紫薯双色吐司,
5430,紫薯酸奶裸蛋糕,
5431,紫薯银耳羹,
5432,紫薯杂粮饭团,
5433,紫苏炒青蛳,
5434,紫苏烧鲫鱼,
5435,紫苏烧鲈鱼,
5436,滋味鸡肉烤串,
5437,滋味土豆片,
5438,滋味虾,
5439,综合煲仔饭,
5440,醉鸡腿,
5441,左宗棠鸡腿,
