,name,level
601,",,aierlannaiyoujiu",
602,",,aligottudouni",
603,",,ambajiangliao",
604,",,ancha",
605,",,anhuanggua",
606,",,anhuayecai",
607,",,ansuancai",
608,",,antangcuyangjiang",
609,",,aoerliangbanshaojituibao",
610,",,aoerliangkaochi",
611,",,aoerliangniurouyibao",
612,",,aoliaodangao",
613,",,asaduo",
614,",,asamu",
615,",,badanmuniuyatang",
616,",,bafaliyanai",
617,",,baibanjiaosha",
618,",,baicaichaodouya",
619,",,baicaidoufu",
620,",,baicaidoufutang",
621,",,baicaihezi",
622,",,baicaijidantang",
623,",,baicaixinbanhaizhesi",
624,",,baicaizhuroujiao",
625,",,baican",
626,",,baicha",
627,",,baidiguo",
628,",,baiguochaoxiaren",
629,",,baihaoyinzhen",
630,",,baihujiaoxia",
631,",,baijiayu",
632,",,bailandijiu",
633,",,bailuobutunyangrou",
634,",,bailuxia",
635,",,baimifan",
636,",,baimizhou",
637,",,baimizi",
638,",,baimudan",
639,",,baiqieya",
640,",,bairuixiang",
641,",,baisu",
642,",,baitusi",toast
643,",,baiwan",
644,",,baixiangguodangao",
645,",,baiyanlengyu",
646,",,baiye",
647,",,baizhuojielan",
648,",,baizhuojiweixia",
649,",,bajiaoyu",
650,",,banfan",
651,",,bangansi",
652,",,banggua",
653,",,banggutang",
654,",,banlidangao",
655,",,banliyuebing",mooncake
656,",,banmuguasi",
657,",,banshaojituibao",
658,",,banyouyusi",
659,",,baocairoujuan",
660,",,baoguchaodouya",
661,",,baoyushouroutang",
662,",,baoyutuntudou",
663,",,bayu",
664,",,beibeidingxie",
665,",,beihaidaodangao",
666,",,beihaidaoquqi",
667,",,beihaidaotusi",toast
668,",,beikefenqisi",
669,",,beizidangao",
670,",,bianluobu?",
671,",,bianrou",
672,",,biluochun",
673,",,binfentianyuanpisa",
674,",,bingqilintongluoshao",
675,",,bingtanghulu",
676,",,bingtangjinjie",
677,",,bingtanglishui",
678,",,bingtangzhouzi",
679,",,bingzhe",
680,",,bocaibanzhugan",
681,",,bocaichaojidan",
682,",,bocaimianbao",
683,",,bocaisongbing",
684,",,bocaitusi",toast
685,",,bocaizhidangao",
686,",,bocaizhugantang",
687,",,bocaizhuganzhou",
688,",,bohejisi",
689,",,bolitangbinggan",
690,",,boluochaoniurou",
691,",,boluodangao",
692,",,boluohuotuipisa",
693,",,boluopipaofu",
694,",,boluoyouyibao",
695,",,bosimianbaofan",
696,",,budingdangao",
697,",,buduihuoguo",
698,",,bulangnidangao",
699,",,bulangnizhishidangao",
700,",,caicong",
701,",,caifujiandan",
702,",,caiganshourouzhou",
703,",,caitouchaoroumo",
704,",,caixinchaofan",
705,",,candanlingleisanmingzhi",
706,",,caobaoyu",
707,",,caodou",
708,",,caomeidangao",
709,",,caomeidanta",
710,",,caomeijiangtusi",toast
711,",,caomeimaifen",
712,",,caomeimusidangao",
713,",,caomeinaiyoujuan",
714,",,caopiceer",
715,",,caotou",
716,",,chadianbinggan",
717,",,changgua",
718,",,changshoucai",
719,",,changzimianbao",
720,",,chaojiza",
721,",,chaojuecai",
722,",,chaokongxincai",
723,",,chaolazhuer",
724,",,chaolongliyuding",
725,",,chaoludouya",
726,",,chaoluobusi",
727,",,chaomantouding",
728,",,chaomi",
729,",,chaomianpeifan",
730,",,chaomiantiao",
731,",,chaomizhou",
732,",,chaoniangao",
733,",,chaoqingcai",
734,",,chaoshishu",
735,",,chaosu",
736,",,chaosushijin",
737,",,chaotiandou",
738,",,chaotudou",
739,",,chaotudoukuai",
740,",,chaoturou",
741,",,chaowudongmian",
742,",,chaoyazhun",
743,",,chapaofan",
744,",,chashaodangao",
745,",,chashaomian",
746,",,chashaotusi",toast
747,",,chengpitusi",toast
748,",,chengqingzi",
749,",,chengtuozi",
750,",,chengxiangtusi",toast
751,",,chengziyi",
752,",,chenpijichi",
753,",,chenpimei",
754,",,chigong",
755,",,chimichurrijiang",
756,",,chisu",
757,",,chixiaodouzhou",
758,",,chongcaohuajitang",chicken_soup
759,",,chuanbeixuelizhou",
760,",,chuanmahuiguorou",
761,",,chuanweihuiguorou",
762,",,chunsunchaofuzhu",
763,",,chunsunchaoxiasi",
764,",,cishen",
765,",,ciyouchaohaixiangu",
766,",,ciyouchaojiaobai",
767,",,ciyouchaojielan",
768,",,ciyouchaojinzhengu",
769,",,ciyouchaoxingbaogu",
770,",,ciyouchaoyoumaicai",
771,",,ciyoujielan",
772,",,ciyoujielan1",
773,",,ciyouyoumaicai",
774,",,conghuadanchaofan",
775,",,conghuadanjuanbing",
776,",,conghuadantang",
777,",,conghuashouzhuabing",
778,",,congjiangshaoziji",
779,",,congxiabing",
780,",,congxiangdanbing",
781,",,congxiangmianbao",
782,",,congyoujisi",
783,",,congyousubing",
784,",,cremestianpin",
785,",,cuibing",
786,",,cuidihaixianpisa",
787,",,cuidimianbao",
788,",,cuipidanjuan",
789,",,cuipidoufu",
790,",,cuipiruge",
791,",,cuipishaorou",
792,",,cuipiwandouliangfen",
793,",,cuipixiangjiao",
794,",,cuipizhaxiannai",
795,",,cuitusisu",toast
796,",,cuixiangjidantusi",toast
797,",,cuizhadachang",
798,",,cuyinliao",
799,",,cuzhi",
800,",,dabanshao",
801,",,dacheqian",
802,",,daheitouxihuacao",
803,",,dajiling",
804,",,damibing",
805,",,damuyu",
806,",,danbaiyesiqiu",
807,",,danchaojiding",
808,",,dangansi",
809,",,dangaokeketusi",toast
810,",,danhuangdoufu",
811,",,danhuanglianrongyuebing",mooncake
812,",,danhuangmahua",
813,",,danhuangyuebing",mooncake
814,",,dannaitunyangtao",
815,",,dantongpisa",
816,",,danzhuxie",
817,",,daopaihuanggua",
818,",,daqin",
819,",,dasuanshaoshanyu",
820,",,daxiamozhimian",
821,",,dazuiguaikaojirouyibao",
822,",,diehumian",
823,",,digu",
824,",,diguaermiaoxie",
825,",,diguniu",
826,",,dili",
827,",,dingdingchaomian",
828,",,disanxian",
829,",,ditian",
830,",,dongbeidisanxian",
831,",,dongfengluo",
832,",,dongguahaimitang",
833,",,dongguazaliangzhou",
834,",,dongguazhou",
835,",,dongkui",
836,",,dongrou",
837,",,dongsunchaolarou",
838,",,dongwubinggan",
839,",,dongxiancai",
840,",,dongzhishi",
841,",,dongzhishidangao",
842,",,doubanjiyu",
843,",,doubanyu",
844,",,doudou",
845,",,doudoumiao",
846,",,doufuchaorou",
847,",,doufufen",
848,",,doufugeng",
849,",,doufuliaoli",
850,",,doufutang",
851,",,douganchaohuanggua",
852,",,douhuayu",
853,",,douhuayupian",
854,",,doujiangmianbao",
855,",,doujiaochaomuer",
856,",,doujiaolumian",
857,",,doujiaorousi",
858,",,doujiaosumenmian",
859,",,douleiliaoli",
860,",,doumifen",
861,",,douru",
862,",,doushajuan",
863,",,doushajuanmianbao",
864,",,doushameiguiquqi",
865,",,doushananguabing",
866,",,doushatangyuan",
867,",,doushatusi",toast
868,",,doushayuebing",mooncake
869,",,doushichaojianjiao",
870,",,doushiyoumaicai",
871,",,dousigeng",
872,",,douzhawanzi",
873,",,duocaiquqibinggan",
874,",,duojiaochaojidan",
875,",,duojiaochaoqingdou",
876,",,duojiaojichi",
877,",,duolinxi",
878,",,dusi",
879,",,emeierui",
880,",,enshiyulu",
881,",,ermizhou",
882,",,erxieqiu",
883,",,eshihongjiukaopingguo",
884,",,faguotusi",toast
885,",,famianbinggan",
886,",,famianxiaobing",
887,",,fangyu",
888,",,fanqiechaotudousi",
889,",,fanqiefan",
890,",,fanqiehuiniunan",
891,",,fanqiejiangdangao",
892,",,fanqiejiangjidanbanmian",
893,",,fanqiejichi",
894,",,fanqiejidanbing",
895,",,fanqiejidangedatang",
896,",,fanqieni",
897,",,fanqieniurouxiangchangyimian",
898,",,fanqieqiancengpai",
899,",,fanqieroujiangyifen",
900,",,fanqieroumogeng",
901,",,fanqieshaopaigu",
902,",,fanqietudoutunniunan",
903,",,fanqietunniunan",
904,",,fanqieyimian",
905,",,fanqieyupian",
906,",,fanqieyupiantang",
907,",,fanshugan",
908,",,fantangbinggan",
909,",,fantangdangao",
910,",,fantao",
911,",,fashipiaofudao(tiandian)",
912,",,fashipingguota",
913,",,feicuijidan",
914,",,feiniufan",
915,",,feiniujinzhengu",
916,",,feiniushiguobanfan",
917,",,feizhouheijiyu",
918,",,fengchaobobing",
919,",,fenglihuipaigu",
920,",,fengmimianbao",
921,",,fengmimianbaogan",
922,",,fengminingmengshui",
923,",,fengmisangshenguojiang",
924,",,fengmisongbing",
925,",,fengyangcaomei",
926,",,fengzi",
927,",,fensimian",
928,",,fensishaoxiaohuangyu",
929,",,foshoubaicai",
930,",,foshougeda",
931,",,frenamianbao",
932,",,fucha",
933,",,fuchijishaoji",
934,",,fupijuan",
935,",,furongrou",
936,",,furongyumigeng",
937,",,furuchaobaicai",
938,",,furuchaokongxincai",
939,",,furuconghuabing",
940,",,furukongxincai",
941,",,furupaigu",
942,",,fusilliyimian",
943,",,futejiajiu",
944,",,fuxinbinggan",
945,",,fuzhujisi",
946,",,fuzhujuan",
947,",,fuzhumuerbanhuanggua",
948,",,gailancai",
949,",,ganbiantudousi",
950,",,ganbianyouyu",
951,",,ganchaoniuhe",
952,",,ganguobanfan",
953,",,ganguodangao",
954,",,ganguohaixiandoufu",
955,",,ganguojiangmianbao",
956,",,ganguomogu",
957,",,ganguotudou",
958,",,ganjiandaxia",
959,",,ganjiangdoushaorou",
960,",,ganjiao",
961,",,ganlanjidanchaobing",
962,",,ganlanshala",
963,",,ganlanyoushucaishala",
964,",,ganlanyousuan",
965,",,ganlanzhanjiang",
966,",,ganluzi",
967,",,ganshaojiyu",
968,",,gansuannai",
969,",,gansunjieshaoniunan",
970,",,gansunshaopaigu",
971,",,ganzangliaoli",
972,",,gaotangmian",
973,",,gedatang",
974,",,gongbaodoufu",
975,",,gongbaotuding",
976,",,gongjian",
977,",,gongmei",
978,",,gouqirouzhitang",
979,",,gouqixiezhugantang",
980,",,gouqiyumizhou",
981,",,guaiweijisi",
982,",,guangquan",
983,",,guazicai",
984,",,guazier",
985,",,guifeijichi",
986,",,guihuagao",
987,",,guihuajiuniangyuanzi",
988,",,guipitianjiang",
989,",,guiyufen",
990,",,guizijiang",
991,",,guobayouyu",
992,",,guofu",
993,",,guojiangdangaojuan",
994,",,guojiangjiaxintusi",toast
995,",,guojiangsanmingzhi",
996,",,guojiangtusi",toast
997,",,guojiangtusibinggan",toast
998,",,guojiangxiaomianbao",
999,",,guojiu",
1000,",,guorendiaomaitusi",toast
1001,",,guorentusi",toast
1002,",,guoshujiaozi",
1003,",,guotaliji",
1004,",,gushoujun",
1005,",,gusuiliaoli",
1006,",,guwudouleishala",
1007,",,guwunaifen",
1008,",,guzhuzisun",
1009,",,haicantujitang",chicken_soup
1010,",,haidaidoufutang",
1011,",,haidaitunpaigu",
1012,",,haiguazi",
1013,",,hailushuangpinpisa",
1014,",,haimianbaobaosanmingzhi",
1015,",,haimizhengdonggua",
1016,",,haixianbaozi",
1017,",,haixianguchaoniuliu",
1018,",,haixianlachangzhengfan",
1019,",,haixianmenfan",
1020,",,haixianmuerzhou",
1021,",,haixianpisa",
1022,",,haixianyidalimian",
1023,",,haizaosi",
1024,",,hanguodajiangtang",
1025,",,hanqin",
1026,",,hanshilengmian(zizhi)",
1027,",,hanzi",
1028,",,haohuataiwanxiangchangpisa",
1029,",,hebaoyu",
1030,",,hechuanroupian",
1031,",,heidadou",
1032,",,heidoumenniunan",
1033,",,heidouzhuweitang",
1034,",,heihujiaojiroupisa",
1035,",,heijiaojiandaxia",
1036,",,heijiaojiroupisa",
1037,",,heijiaokaoyu",
1038,",,heijiaoniuliuchaoyifen",
1039,",,heijiaorousiyimian",
1040,",,heijiaoxingbaogu",
1041,",,heijiaozhaxia",
1042,",,heijiaozhixingbaogu",
1043,",,heimuerzhou",
1044,",,heiqiaokelidangao",
1045,",,heisenlindangao",
1046,",,heitianepaofu",
1047,",,heizhimabinggan",
1048,",,heizhimadanjuan",
1049,",,heizhimamifantusi",toast
1050,",,heizhimanaiyouzhishi",
1051,",,heizhimasu",
1052,",,heizhimatusi",toast
1053,",,helanruhuanggua",
1054,",,hetaobingjiling",
1055,",,hetaocuibing",
1056,",,hetaodangao",
1057,",,hetaopai",
1058,",,hetaotizidangao",
1059,",,hetaoxiaosubing",
1060,",,hexiechizhesan",
1061,",,hexiefenzhengya",
1062,",,hexienuomizhengpaigu",
1063,",,hongcaihua",
1064,",,hongcaimeiguihua",
1065,",,hongchangpeigenpisa",
1066,",,hongchatusi",toast
1067,",,hongdoubao",
1068,",,hongdoufan",
1069,",,hongdouheimihu",
1070,",,hongdoujiangzhuangnai",
1071,",,hongdoujuan",
1072,",,hongdoushamianbao",
1073,",,hongdoushapai",
1074,",,hongdoushuangpinai",
1075,",,hongdousu",
1076,",,hongdousubing",
1077,",,hongdoutangyuan",
1078,",,hongdoutusi",toast
1079,",,hongjiujichi",
1080,",,hongjiukaopingguo",
1081,",,hongjiuputaoganmianbao",
1082,",,hongjiuzhisanwenyu",
1083,",,hongluobuzhumogu",
1084,",,hongmenzhouzi",
1085,",,hongmiyumihu",
1086,",,hongpingguoliziguojiang",
1087,",,hongpishanyu",
1088,",,hongshaoboyu",
1089,",,hongshaojiayu",
1090,",,hongshaojizhua",
1091,",,hongshaoluobu",
1092,",,hongshaoluyu",
1093,",,hongshaoniunan",
1094,",,hongshaotudoupian",
1095,",,hongshaoturou",
1096,",,hongshaoyangti",
1097,",,hongshaoyangyu",
1098,",,hongshaoyukuai",
1099,",,hongshaozhurouwanzi",
1100,",,hongshaoziyu",
1101,",,hongshugan",
1102,",,hongtangjiangshui",
1103,",,hongtangzhimabinggan",
1104,",,hongtangzhujidan",
1105,",,hongxian",
1106,",,hongxunyufensi",
1107,",,hongyoulapi",
1108,",,hongzaobaihezhengnangua",
1109,",,hongzaogao",
1110,",,hongzaolanmeigeng",
1111,",,hongzaoxiaomizhou",
1112,",,hongzaoyimihu",
1113,",,hongzaoyumitusi",toast
1114,",,hongzaoyumixiaotusi",toast
1115,",,hongzaozhudutang",
1116,",,hongzaozishumifan",
1117,",,huaancai",
1118,",,huacaichaoshourou",
1119,",,huadingyunwu",
1120,",,huafudanjuan",
1121,",,huaguocha",
1122,",,huahachaosigua",
1123,",,huahuandangao",
1124,",,huahuanmianbao",
1125,",,huaijuhua",
1126,",,huaishanzhengpaigu",
1127,",,huajiyu",
1128,",,huakaifugui",
1129,",,hualiumangguobuding",
1130,",,huangcha",
1131,",,huangdoumenxiaojiyu",
1132,",,huangdouroupidong",
1133,",,huangdoushayuebing",mooncake
1134,",,huangguabanfensi",
1135,",,huangguachaojidan",
1136,",,huangguachaozhugan",
1137,",,huangguajidanruanbing",
1138,",,huangguapidantang",
1139,",,huangjinruluonanguasu",
1140,",,huangjinruyiroujuan",
1141,",,huangjinsanmingzhi",
1142,",,huangjinsansedan",
1143,",,huangjinyubang",
1144,",,huangkalicai",
1145,",,huanglaitou",
1146,",,huangmenjizhua",
1147,",,huangmenniurou",
1148,",,huangshanmaofeng",
1149,",,huangyabai",
1150,",,huangyoudangao",
1151,",,huangyouquqi",
1152,",,huashengjiangbanmian",
1153,",,huashengjiangquqi",
1154,",,huashengmanyuemeiniuyatang",
1155,",,huashengnaiyoubinggan",
1156,",,huashengnian",
1157,",,huashengrenmenfengzhua",
1158,",,huashengta",
1159,",,huawenshetou",
1160,",,huaxiaotunniunai",
1161,",,huaxiezhou",
1162,",,huayangpisa",
1163,",,huayangshousi",
1164,",,hudiexia",
1165,",,huiguodoufu",
1166,",,huiguorou",
1167,",,huluobubuding",
1168,",,huluobuchaowosun",
1169,",,huluobudoujiang",
1170,",,huluobuheijialuntusi",toast
1171,",,huluobumianbao",
1172,",,huluobuqingtianshousi",
1173,",,huluoburoubing",
1174,",,huluobushaoniunan",
1175,",,huluobutudousi",
1176,",,huluobuzhou",
1177,",,hunjiangchaoxianyoubaoyu",
1178,",,huoguowanzi",
1179,",,huojudangao",
1180,",,huoshanhuangyacha",
1181,",,huotuicaijiaopisa",
1182,",,huotuichaoyoucai",
1183,",,huotuijuanbing",
1184,",,huotuimianbao",
1185,",,huotuipisa",
1186,",,huotuiqingjiaotusipisa",toast
1187,",,huotuishousi",
1188,",,huotuishutiao",
1189,",,huotuixiaopisa",
1190,",,huotuixiarenchaofan",
1191,",,huotuizhishipisa",
1192,",,hupianchundan",
1193,",,hupidanshaorou",
1194,",,hupizhengfengzhua",
1195,",,jachnungaodian",
1196,",,jiachangbianyu",
1197,",,jiachangdoufugeng",
1198,",,jiachangmeiweifanqieyimian",
1199,",,jiachangzaocanjidanbing",
1200,",,jialebidoufan",
1201,",,jiamihuanjun",
1202,",,jiandoufu",
1203,",,jianfan",
1204,",,jiangancai",
1205,",,jiangbaobiqi",
1206,",,jiangbaochengzi",
1207,",,jiangbaorouding",
1208,",,jiangcha",
1209,",,jiangchaokugua",
1210,",,jiangcongchaoxie",
1211,",,jiangcongji",
1212,",,jiangfengzhua",
1213,",,jiangguo",
1214,",,jiangliaochaoniangao",
1215,",,jiangmenzhuti",
1216,",,jiangmuya",
1217,",,jiangshaoniujin",
1218,",,jiangshaoyakuai",
1219,",,jiangshuiliangfen",
1220,",,jiangtangbinggan",
1221,",,jiangxiangchaomian",
1222,",,jiangxiangzhuti",
1223,",,jiangyouchaoyifen",
1224,",,jiangyouji",
1225,",,jiangyouzhuyu",
1226,",,jiangzhipaigu",
1227,",,jiangzhipidan",
1228,",,jiangzhisanwenyutou",
1229,",,jiangzhiwosun",
1230,",,jiangzhixiaohuangyu",
1231,",,jiangzicai",
1232,",,jianjiaochaosanwenyu",
1233,",,jianmingxia",
1234,",,jianniangqiezi",
1235,",,jianniuziguniupai",
1236,",,jianshuimianbao",
1237,",,jiantudou",
1238,",,jianxianyu",
1239,",,jiaoba",
1240,",,jiaobaichaodupian",
1241,",,jiaobaichaojimi",
1242,",,jiaobaichaosansi",
1243,",,jiaobaichaoshansi",
1244,",,jiaobaichaowandou",
1245,",,jiaohuaji",
1246,",,jiaomayazhang",
1247,",,jiaotangqifengdangao",
1248,",,jiaotou",
1249,",,jiaoyanjiweixia",
1250,",,jiaoyanmogu",
1251,",,jiaoyanzhongxia",
1252,",,jiaoyouchaozicai",
1253,",,jiaoyouxianzicai",
1254,",,jiashaxiangtiantusi",toast
1255,",,jiaxiancai",
1256,",,jiaxinpaofu",
1257,",,jidanbinggan",
1258,",,jidanchaohuotui",
1259,",,jidangao",
1260,",,jidanguanbing",
1261,",,jidanjiaozi",
1262,",,jidanjuan",
1263,",,jidanmuerchaohuluobu",
1264,",,jidanpaocaimian",
1265,",,jidanpisa",
1266,",,jidanrousongyibao",
1267,",,jidansanmingzhi",
1268,",,jidanshucaishala",
1269,",,jidansiguatang",
1270,",,jidantusi",toast
1271,",,jidanxiaren",
1272,",,jiecaixiandanzhou",
1273,",,jieguaxiandantang",
1274,",,jiejiehua",
1275,",,jielanniuroutang",
1276,",,jierchang",
1277,",,jifenhuanghuayu",
1278,",,jigou",
1279,",,jikuaitunyumi",
1280,",,jinbalijiu",
1281,",,jingdongroubing",
1282,",,jingoucongyoubanmian",
1283,",,jingtingluxue",
1284,",,jinjieguojiang",
1285,",,jinjietangshui",
1286,",,jinjiu",
1287,",,jinjunmei",
1288,",,jinqiangyuhuangguasanmingzhi",
1289,",,jinqiangyumantouyibao",
1290,",,jinqiangyupisa",
1291,",,jinxiusixiding",
1292,",,jinzhengubangansi",
1293,",,jinzhengubanhuanggua",
1294,",,jinzhenguchaojidan",
1295,",,jinzhengutundoufu",
1296,",,jinzhuandangao",
1297,",,jipaisanmingzhi",
1298,",,jirouhuoguo",
1299,",,jiroujuanbing",
1300,",,jiroukaochuan",
1301,",,jiroumixian",
1302,",,jiroupisa",
1303,",,jiroushousi",
1304,",,jirouwanguamian",
1305,",,jisibanhuanggua",
1306,",,jisidanbaigeng",
1307,",,jisirousimian",
1308,",,jituibao",
1309,",,jiucaichaohuacai",
1310,",,jiucaidanbing",
1311,",,jiucaihuachaoxiaren",
1312,",,jiucaijiao",
1313,",,jiucaimibing",
1314,",,jiucaixianbing",
1315,",,jiucaiyachaoqianzhang",
1316,",,jiuhuangchaorousi",
1317,",,jiujingyinliao",
1318,",,jiuzhichenpi",
1319,",,jixiongroushaofensi",
1320,",,jizhuachaoqinggua",
1321,",,juanbing",
1322,",,juantongkaorou",
1323,",,jueyusuanlatang",
1324,",,juhuayu",
1325,",,jumacai",
1326,",,junguhuoguo",
1327,",,jungutang",
1328,",,junguyangshengtang",
1329,",,junjianshousi",
1330,",,junshanyinzhen",
1331,",,juyu",
1332,",,juzidangao",
1333,",,juziguojiang",
1334,",,kaiyangchaobaicai",
1335,",,kaiyangchaosigua",
1336,",,kalidanbaofan",
1337,",,kalihaitairousu",
1338,",,kalihali",
1339,",,kalijiroujuan",
1340,",,kalijiroutuntudou",
1341,",,kalimoyumian",
1342,",,kaliniunan",
1343,",,kaliniuroufan",
1344,",,kalitudouniunan",
1345,",,kalitudouniurou",
1346,",,kaliyimian",
1347,",,kaliyouyu",
1348,",,kaliyupian",
1349,",,kangbaolan",
1350,",,kangbote(jiangguo)",
1351,",,kaochangpisa",
1352,",,kaodamahayu",
1353,",,kaodangao",
1354,",,kaofanqie",
1355,",,kaohuayecai",
1356,",,kaohuoji",
1357,",,kaojichigen",
1358,",,kaojituiroujuan",
1359,",,kaolajiao",
1360,",,kaoluoleshutiao",
1361,",,kaomogu",
1362,",,kaomopian",
1363,",,kaoniupaijuanbing",
1364,",,kaoniurouchuan",
1365,",,kaopaigu",
1366,",,kaoquanji",
1367,",,kaoroumianbaojuan",
1368,",,kaoshutiao",
1369,",,kaosuntunjitang",chicken_soup
1370,",,kaotudou",
1371,",,kaotusi",toast
1372,",,kaoxiangcai",
1373,",,kaoyangrouchuan",
1374,",,kaoyashaoe",
1375,",,kaoyumi",
1376,",,kapeicuibing",
1377,",,kapeidangao",
1378,",,kapeihetaotusi",toast
1379,",,kapeijuan",
1380,",,kapeiquqi",
1381,",,kapeiruluopaofu",
1382,",,kecai",
1383,",,kekebinggan",
1384,",,kekedangao",
1385,",,kekedanjuan",
1386,",,kekedannaiyouquqi",
1387,",,kekejuan",
1388,",,kekequqi",
1389,",,kekesupipaofu",
1390,",,keketusi",toast
1391,",,kesongyibao",
1392,",,koudaitusi",toast
1393,",,koumomenya",
1394,",,koumoqinghongjiaopisa",
1395,",,koushuihuanggua",
1396,",,kuaishoupisa",
1397,",,kuaiyu",
1398,",,kuanpigui",
1399,",,kumazi",
1400,",,laafajuan",
1401,",,labaicaichaotudoupian",
1402,",,lachangpisa",
1403,",,lachangshaotudou",
1404,",,lachaojirou",
1405,",,lachaowuhuarou",
1406,",,lahaixianmian",
1407,",,lajiangbanfan",
1408,",,lajiangbanqiukui",
1409,",,lajiangbanyouyu",
1410,",,lajiangbaotudoufen",
1411,",,lajiangbaoyouyu",
1412,",,lajiaobaochaoyangrou",
1413,",,lajiaochaobabaoxia",
1414,",,lajiaochaodupian",
1415,",,lajiaochaohuiguorou",
1416,",,lajiaochaojidan",
1417,",,lajiaochaojiding",
1418,",,lajiaochaolongliyu",
1419,",,lajiaochaoniurou",
1420,",,lajiaochaoniuroupian",
1421,",,lajiaochaoouding",
1422,",,lajiaochaorousi",
1423,",,lajiaochaoxia",
1424,",,lajiaochaoyouyu",
1425,",,lajiaohu",
1426,",,lajiaojiangbanmian",
1427,",,lajiaosichaotudou",
1428,",,lajiaosuancaixiangchang",
1429,",,lajitui",
1430,",,langmanqiaokeliquqi",
1431,",,lanhuachaoyouyu",
1432,",,lanmeidangao",
1433,",,lanmeijiangshanyao",
1434,",,lanmeipai",
1435,",,lanrenzhizuosupipaofu",
1436,",,lanyuancan",
1437,",,laobanyu",
1438,",,laocuzhetou",
1439,",,laohucai",
1440,",,laomujitang",chicken_soup
1441,",,larouchaohuacai",
1442,",,larouchaoxingbaogu",
1443,",,laroudanchaofan",
1444,",,latudou",
1445,",,laweicaihua",
1446,",,laweijinzhengu",
1447,",,layououpian",
1448,",,lazijichaotudou",
1449,",,lengcaitang",
1450,",,li2",
1451,",,liangbanbaoyu",
1452,",,liangbanbingcao",
1453,",,liangbancaixin",
1454,",,liangbandoupisi",
1455,",,liangbandouya",
1456,",,liangbanhaidai",
1457,",,liangbanjidangan",
1458,",,liangbankugua",
1459,",,liangbanlusun",
1460,",,liangbanmaodou",
1461,",,liangbanqincaixie",
1462,",,liangbanxiangcai",
1463,",,liangbanziganlan",
1464,",,lianhu",
1465,",,liannaidangao",
1466,",,lianrongyuebing",mooncake
1467,",,lianziguilinggao",
1468,",,lianziyu",
1469,",,limaiwanzi",
1470,",,linguiniyimian",
1471,",,liuanguapian",
1472,",,liulianbanji",
1473,",,liulianpisa",
1474,",,liulianxuegao",
1475,",,liuxindangao",
1476,",,liuyupian",
1477,",,lizhinaixi",
1478,",,lizhirou",
1479,",,lizigeroubao",
1480,",,lizimenrou",
1481,",,longjiao",
1482,",,longmaopaofu",
1483,",,longshelanjiu",
1484,",,longxiahuntun",
1485,",,lotusbinggantianjiang",
1486,",,ludoushayuebing",mooncake
1487,",,ludouyirenzhou",
1488,",,lufengzhua",
1489,",,lugu",
1490,",,luhaochaorousi",
1491,",,luhua",
1492,",,lukalicai",
1493,",,luluobubaozi",
1494,",,luobangua",
1495,",,luobubaoniunan",
1496,",,luobudangao",
1497,",,luobugantunzhujiao",
1498,",,luobuniunan",
1499,",,luobupaigutang",
1500,",,luobusibao",
1501,",,luobusisubing",
1502,",,luobutunniunan",
1503,",,luobuzhudutang",
1504,",,luoxuanmianbao",
1505,",,lushanyunwu",
1506,",,lusunchaoxiaren",
1507,",,mabiansun",
1508,",,mabojun",
1509,",,macaroniyimian",
1510,",,mahuamantou",
1511,",,maibing",
1512,",,maisuiyu",
1513,",,majiangbocai",
1514,",,majiangshaobing",
1515,",,majiangsushijin",
1516,",,majiangyaopian",
1517,",,majiangyoumaicai",
1518,",,makebeidangao",
1519,",,malabi(tiandian)",
1520,",,malafengzhua",
1521,",,malajizhua",
1522,",,malamaodourouding",
1523,",,malan",
1524,",,malaoupian",
1525,",,malatang",
1526,",,malatianjitui",
1527,",,malawachgaodian",
1528,",,malayuanbaicai",
1529,",,malingshukaoroubing",
1530,",,mandelbrotbinggan",
1531,",,mangguodangao",
1532,",,mangguomeiguihua",
1533,",,mangguopingguopai",
1534,",,manyuemeijuan",
1535,",,manyuemeishala",
1536,",,manyuemeisuannai",
1537,",,manyuemeitusi",toast
1538,",,manyushousi",
1539,",,maobingjinxianjun",
1540,",,maodouchaodouding",
1541,",,maodouchaorouding",
1542,",,maoxiechaoniangao",
1543,",,maoxiemihoutao",
1544,",,maoxiewang",
1545,",,maoyuanmingmei",
1546,",,maqiduo",
1547,",,maqlubamifan",
1548,",,matibingqilin",
1549,",,matihuluobutang",
1550,",,mayouji",
1551,",,mazhiliangmian",
1552,",,meicaixiangyukourou",
1553,",,meiguibinggan",
1554,",,meiguifurupaigu",
1555,",,meiguihuabing",
1556,",,meiliqingruluo",
1557,",,meiqiudangao",
1558,",,meirenjiaochaodan",
1559,",,meishilangwaxiangcai",
1560,",,meiweiniuganjun",
1561,",,meiweizaocansanmingzhi",
1562,",,meizhichaohexia",
1563,",,meizhiyuanguolicheng",
1564,",,mendingroubing",
1565,",,menfan",
1566,",,mengding",
1567,",,mianbaobang",
1568,",,mianbaojiboluoguojiang",
1569,",,mianbaosanmingzhi",
1570,",,mianbing",
1571,",,mianhuadangaojuan",
1572,",,mianhuatangqiaokeliquqi",
1573,",,mianjinliangpi",
1574,",,mianpeng",
1575,",,mianrouzashupisa",
1576,",,midoujuan",
1577,",,midoutusi",toast
1578,",,mifanpisa",
1579,",,mifantusi",toast
1580,",,mijiaobaochaogongji",
1581,",,minidongzhishi",
1582,",,minihuotuixiaopisa",
1583,",,minipisa",
1584,",,minixiaoyibao",
1585,",,minixiguatusi",toast
1586,",,mitangjichi",
1587,",,miwaguan",
1588,",,mizhibanmian",
1589,",,mizhichashao",
1590,",,mizhikaopaigu",
1591,",,mochabinggan",
1592,",,mochaboluopipaofu",
1593,",,mochabuding",
1594,",,mochadoufubuding",
1595,",,mochadoushatusi",toast
1596,",,mochafanggao",
1597,",,mochaguogantusi",toast
1598,",,mochahuafubing",
1599,",,mochamianbao",
1600,",,mochaniuyatang",
1601,",,mochaqifengjuan",
1602,",,mochatusi",toast
1603,",,moganhuangya",
1604,",,moguhuidanbai",
1605,",,mogulei",
1606,",,moqia",
1607,",,moqiadangao",
1608,",,moxigebobing",
1609,",,moyabing",
1610,",,moyugudongguatang",
1611,",,moyusizhengqiukui",
1612,",,moyusuanlatang",
1613,",,moyutunji",
1614,",,mozhixunyuyibao",
1615,",,muercaijidantang",
1616,",,muerhongzaotang",
1617,",,muguanai",
1618,",,mujitang",chicken_soup
1619,",,mujitunshanyao",
1620,",,mutangchunyuebing",mooncake
1621,",,muyuhuachaofan",
1622,",,nabusikaoroubing",
1623,",,naichabing",
1624,",,naichabuding",
1625,",,naidongbuding",
1626,",,naidongdangaojuan",
1627,",,nailuobuding",
1628,",,nailuogan",
1629,",,nailuomianbao",
1630,",,naisubinggan",
1631,",,naixiangdanhuangtusi",toast
1632,",,naixianghongdoushatusi",toast
1633,",,naixiangmianbaosanmingzhi",
1634,",,naixiangmibuding",
1635,",,naixiangmogu",
1636,",,naixiangnanguageng",
1637,",,naixiangsongbing",
1638,",,naixiangxiaotusi",toast
1639,",,naiyinliao",
1640,",,naiyoubaitusi",toast
1641,",,naiyoubuding",
1642,",,naiyoucaihua",
1643,",,naiyoudanbing",
1644,",,naiyouhuacai",
1645,",,naiyoujiaxinbing",
1646,",,naiyoumianbao",
1647,",,naiyoumihongdoutusi",toast
1648,",,naiyoumogutang",
1649,",,naiyoupaofu",
1650,",,naiyouquqi",
1651,",,naiyouquqibinggan",
1652,",,naiyoutudouni",
1653,",,nanguabaozi",
1654,",,nanguabingzhou",
1655,",,nanguacaomizhou",
1656,",,nanguadangao",
1657,",,nanguafengmimianbao",
1658,",,nanguageng",
1659,",,nanguahetaoruanquqi",
1660,",,nanguahongzaotang",
1661,",,nanguahuangjingao",
1662,",,nangualianggao",
1663,",,nangualudoutang",
1664,",,nanguamantou",
1665,",,nanguaruanquqi",
1666,",,nanguasubing",
1667,",,nanguatuanyuanxian",
1668,",,nanguaxiaomantou",
1669,",,nanguazaonibinggan",
1670,",,nanxingfen",
1671,",,natie",
1672,",,nerrotongxinfen",
1673,",,niangainiuganjun",
1674,",,niangaohuoguo",
1675,",,niangdoufu",
1676,",,niangkugua",
1677,",,niangqingjiao",
1678,",,nianmigao",
1679,",,nianyutundoufu",
1680,",,nianyutunqiezi",
1681,",,niaochaojuan",
1682,",,ningmengdanbaisupipai",
1683,",,ningmengdangao",
1684,",,ningmengji",
1685,",,ningmengjipian",
1686,",,ningmengjiu",
1687,",,ningxiangmizifanqie",
1688,",,ningxiangqingruluo",
1689,",,niu",
1690,",,niudou",
1691,",,niuduchaobocai",
1692,",,niujingunzimian",
1693,",,niunaifangkuaixiaobinggan",
1694,",,niunaimantou",
1695,",,niunainanguamantou",
1696,",,niunaitunjituirou",
1697,",,niunaitunyanwo",
1698,",,niunaiyanmaizhou",
1699,",,niunanmentudou",
1700,",,niunantunluobu",
1701,",,niuroubanmian",
1702,",,niuroubing",
1703,",,niuroubodipisa",
1704,",,niurouchaosigua",
1705,",,niuroufan",
1706,",,niuroufanqiejiangbanyimian",
1707,",,niuroufanqietusipisa",toast
1708,",,niurougaijiaofan",
1709,",,niurougeng",
1710,",,niurouguotie",
1711,",,niuroujiaozi",
1712,",,niuroumoqincai",
1713,",,niuroupisa",
1714,",,niurousubing",
1715,",,niuroutunanchundan",
1716,",,niurouwanqingcaimian",
1717,",,niurouxiangchangyimian",
1718,",,niurouyanmaibao",
1719,",,niurouyibao",
1720,",,niurouyimian",
1721,",,niuyouguoshousijuan",
1722,",,niuzhizi",
1723,",,niuzhizizi",
1724,",,nuogu",
1725,",,nuomituanzi",
1726,",,nuomizao",
1727,",,oushimanyuemeitusi",toast
1728,",,paicha",
1729,",,paigufan",
1730,",,paiguniangao",
1731,",,paigutunyumitang",
1732,",,paiguzhou",
1733,",,paimifen",
1734,",,pangzi",
1735,",,panininiupaisanmingzhi",
1736,",,panqujiu",
1737,",,paocaichaofan",
1738,",,paocaijiangjufengzhua",
1739,",,paocaitang",
1740,",,paocaitudoubing",
1741,",,paofan",
1742,",,paojiaoanluobu",
1743,",,paojiaochaohaoeryu",
1744,",,paojiaojizhua",
1745,",,paojiaomoyuzi",
1746,",,paojiaoniurou",
1747,",,paozaofan",
1748,",,pappardelleyimian",
1749,",,pavlovanaiyoushuiguodangao",
1750,",,peigenchaofan",
1751,",,peigencuidipisa",
1752,",,peigenjinzhengujuan",
1753,",,peigenjuan",
1754,",,peigenjufan",
1755,",,peigenjuyimian",
1756,",,peigennailuoxiantusi",toast
1757,",,peigennanguajuyimian",
1758,",,peigenpisa",
1759,",,peigentusi",toast
1760,",,peiyatusi",toast
1761,",,peiyinpisa",
1762,",,pidanbandoufu",
1763,",,pidanzhou",
1764,",,pijiuluobutunniunan",
1765,",,pijiuniurou",
1766,",,pingdiguocuipidanjuan",
1767,",,pingguojuan",
1768,",,pingguomeiguihua",
1769,",,pingguonaihu",
1770,",,pingguonaixi",
1771,",,pingguozhiyanmaizhou",
1772,",,pingshuizhu",
1773,",,pipaguojiang",
1774,",,pisa",
1775,",,pisabing",
1776,",,puer",
1777,",,puercha",
1778,",,putaodangao",
1779,",,putaogandangao",
1780,",,putaoganfagao",
1781,",,putaogantusi",toast
1782,",,putaoganxiaodangao",
1783,",,putuofo",
1784,",,qiancengbing",
1785,",,qiancenggao",
1786,",,qiancengkelibing",
1787,",,qiandaojiroushousi",
1788,",,qiang",
1789,",,qiangchaomuer",
1790,",,qiangchaoxilanhua",
1791,",,qiantingyibao",
1792,",,qiaokelidangaojuan",
1793,",,qiaokelidangaotiantianquan",
1794,",,qiaokeliduocaitiantianquan",
1795,",,qiaokelijiangpitabing",
1796,",,qiaokelinaiyoupaofu",
1797,",,qiaokelipaofu",
1798,",,qiaokeliquqi",
1799,",,qiaokeliruanquqi",
1800,",,qiaokelita",
1801,",,qiaokelitangfentiantianquan",
1802,",,qiaokelitiantianquan",
1803,",,qiaokelitiantianquanpaofu",
1804,",,qiaokelixiaodangao",
1805,",,qiaokelixiaomubing",
1806,",,qiaokelizhenzhupaofu",
1807,",,qiaokelizhishipaofu",
1808,",,qiaomaifen",
1809,",,qicairouhuntun",
1810,",,qicaizhurouhuntun",
1811,",,qiezhidoufu",
1812,",,qiezhihuangdou",
1813,",,qiezhijichi",
1814,",,qiezhiniurouyimian",
1815,",,qiezhishaopaigu",
1816,",,qiezhiyu",
1817,",,qiezhiyukuai",
1818,",,qieziqingjiaopisa",
1819,",,qiezirouding",
1820,",,qigequqibinggan",
1821,",,qimengongfu",
1822,",,qimingcaixie",
1823,",,qincaichaoniurou",
1824,",,qincaichaoxiaren",
1825,",,qincaichunjuan",
1826,",,qincaijiaozi",
1827,",,qincairousi",
1828,",,qingchaohuangdouya",
1829,",,qingchaoshanyaosi",
1830,",,qingchaotudousi",
1831,",,qingchaoxiaren",
1832,",,qingchaoxingbaogu",
1833,",,qingchaoyoucaitai",
1834,",,qingdouchaoxiaren",
1835,",,qinggangzi",
1836,",,qingguajuanshousi",
1837,",,qinghongjiaopisa",
1838,",,qinghun",
1839,",,qingjiangshourouyimian",
1840,",,qingjiangyidalimian",
1841,",,qingjiaochaomianjin",
1842,",,qingjiaochaoniudu",
1843,",,qingjiaochaopidan",
1844,",,qingjiaochaorousi",
1845,",,qingjiaochaoxianggan",
1846,",,qingjiaochaozhugan",
1847,",,qingjiaoniurouchaomian",
1848,",,qingjiaoqiepian",
1849,",,qingjiaotusipisa",toast
1850,",,qingjiaoxihongshichaotudou",
1851,",,qingjiaoyumichaohuotuichang",
1852,",,qingtaiyu",
1853,",,qingtoucai",
1854,",,qingtunniurou",
1855,",,qingtunyangroutang",
1856,",,qingxie",
1857,",,qingyou",
1858,",,qingzhengchangyu",
1859,",,qingzhengdaiyu",
1860,",,qingzhengjidangeng",
1861,",,qingzhenglarou",
1862,",,qingzhengshiban",
1863,",,qingzhengwuchangyu",
1864,",,qingzhengyu",
1865,",,qingzhuancha",
1866,",,qingzhuanyu",
1867,",,qinxiangniurousi",
1868,",,qinzigaifan",
1869,",,qipaojiu",
1870,",,qiugentanghao",
1871,",,qiuzi",
1872,",,qixi",
1873,",,qiyaziquqibinggan",
1874,",,qiyiguonaixi",
1875,",,quanmaijituibao",
1876,",,quanmaimochadoushatusi",toast
1877,",,quechaociniminismaipian",
1878,",,quqibinggan",
1879,",,reneiyadangao",
1880,",,retangmian",
1881,",,ribenqingjiu",
1882,",,rishijingfan",
1883,",,rishixiaochi",
1884,",,rongnailuo",
1885,",,rongyandangao",
1886,",,roubao",
1887,",,roujiangmian",
1888,",,roumaibing",
1889,",,roumidoufu",
1890,",,roumomifanbing",
1891,",,roumoshaoqiezi",
1892,",,roumosuandoujiao",
1893,",,roupai",
1894,",,roupeifan",
1895,",,roupianchaohuacai",
1896,",,rouruandoushatusi",toast
1897,",,rousichaobaicai",
1898,",,rousichaobing",
1899,",,rousichaokugua",
1900,",,rousidoufugeng",
1901,",,rousongdangaojuan",
1902,",,rousongdanjuan",
1903,",,rousongshousi",
1904,",,rousongsubing",
1905,",,rousubing",
1906,",,rouwanqingcaitang",
1907,",,rouxiebao",
1908,",,rouyuebing",mooncake
1909,",,rouzhengbaicaijuan",
1910,",,rouzhenghuntun",
1911,",,ruanjiangcai",
1912,",,ruanliuroupian",
1913,",,ruanwuhua",
1914,",,ruanzhishi",
1915,",,ruluonanguasu",
1916,",,ruluopai",
1917,",,ruluopaofu",
1918,",,ruluoxianbing",
1919,",,ruyicai",
1920,",,salamixiangchang",
1921,",,sanbeijichi",
1922,",,sanbeiya",
1923,",,sangriajiu",
1924,",,sanhongzhou",
1925,",,sanjian",
1926,",,sansedan",
1927,",,sansequqi",
1928,",,sansetusi",toast
1929,",,sansichaohefen",
1930,",,sansichunjuan",
1931,",,sanwenyunailuobaoxinwan",
1932,",,sanwenyupeigenjuan",
1933,",,sanwenyushousi",
1934,",,sanwenyuyimian",
1935,",,sanwenyuyupai",
1936,",,sanxianguoba",
1937,",,sanxianjiao",
1938,",,saozhoumiao",
1939,",,shachajiangxiangbing",
1940,",,shaguowanzi",
1941,",,shalafengweixia",
1942,",,shaluosisu",
1943,",,shanbeidangao",
1944,",,shandianpaofu",
1945,",,shandouzi",
1946,",,shangtangbocai",
1947,",,shangtangwawacai",
1948,",,shanhetaopai",
1949,",,shanjiu",
1950,",,shanyangmei",
1951,",,shanyaobaopaigu",
1952,",,shanyaohuangdourougutang",
1953,",,shanyaojiyutang",
1954,",,shanyaotunwuji",
1955,",,shanyaotunzhuti",
1956,",,shanyaoyimiqianshizhou",
1957,",,shanzhajiang",
1958,",,shanzhazhou",
1959,",,shaoguozi",
1960,",,shaokaoyangrouchuan",
1961,",,shaoqiezi",
1962,",,shaosijidou",
1963,",,shaoxiancaonaicha",
1964,",,shasuo",
1965,",,shasuoyu",
1966,",,shatangbinggan",
1967,",,shatangmianbao",
1968,",,shengcaitang",
1969,",,shengchaogongji",
1970,",,shengfazhou",
1971,",,shengjian",
1972,",,shengrou",
1973,",,shijiaoniuliu",
1974,",,shijindoufu",
1975,",,shijinlianggao",
1976,",,shijinsanmingzhi",
1977,",,shijinyimian",
1978,",,shishushalabanyimian",
1979,",,shiyongdiaoheyou",
1980,",,shizhizhengpaigu",
1981,",,shizitou",
1982,",,shoumei",
1983,",,shouroushuiguatang",
1984,",,shousifantuan",
1985,",,shousimianbao",
1986,",,shousisuantai",
1987,",,shouzhuabing",
1988,",,shuangguopai",
1989,",,shuangjiaobianshutiao",
1990,",,shuangpinpisa",
1991,",,shuangseaixinsanmingzhi",
1992,",,shuangsedangao",
1993,",,shuangsedangaojuan",
1994,",,shuangsejiaozi",
1995,",,shuangsetusi",toast
1996,",,shuangsetusi1",toast
1997,",,shuangseyouyujuan",
1998,",,shuangxianpisa",
1999,",,shuanhuoguo",
2000,",,shucaichaofan",
2001,",,shucaichaojiding",
2002,",,shucaichaojirouding",
2003,",,shucaichaorouding",
2004,",,shucaichaorousi",
2005,",,shucaichuankaoyouyu",
2006,",,shucaidajiangtang",
2007,",,shucaidanbing",
2008,",,shucaihudiemian",
2009,",,shucaijiangshaoniunan",
2010,",,shucaijuyouyu",
2011,",,shucaikaojichi",
2012,",,shucaikaopaigu",
2013,",,shucaimifandanbing",
2014,",,shucaini",
2015,",,shucaipisa",
2016,",,shucaishalabanyimian",
2017,",,shucaishijin",
2018,",,shucaizhihuajuan",
2019,",,shucaizhou",
2020,",,shuguoshala",
2021,",,shuibiezi",
2022,",,shuigeda",
2023,",,shuiguobingqilin",
2024,",,shuiguodangaojuan",
2025,",,shuiguomojiang",
2026,",,shuiguonaixi",
2027,",,shuiguonaixiangpisa",
2028,",,shuiguopinpan",
2029,",,shuiguopisa",
2030,",,shuiguota",
2031,",,shuijie",
2032,",,shuimitaodangao",
2033,",,shuipaobing",
2034,",,shuiqincaichaoxianggan",
2035,",,shuisunshaopaigu",
2036,",,shuizhuliyu",
2037,",,shuizhushucai",
2038,",,shuizhuyupian",
2039,",,sibaogeng",
2040,",,sifangyingtaoguojiang",
2041,",,siguachaoxiaren",
2042,",,siguamianjin",
2043,",,siguanongtang",
2044,",,sijidoushaotudou",
2045,",,sixiding",
2046,",,sixidoufu",
2047,",,songluqiaokeli",
2048,",,songrenchaoyumi",
2049,",,songshuguiyu",
2050,",,songshujun",
2051,",,suancaibing",
2052,",,suancaicuanbairou",
2053,",,suancaifensi",
2054,",,suancainiurou",
2055,",,suancainiuroubanmian",
2056,",,suancaitunfentiao",
2057,",,suancaixianbing",
2058,",,suanchaoxiancai",
2059,",,suanlabanmian",
2060,",,suanlafeichang",
2061,",,suanlafengzhua",
2062,",,suanlajiyu",
2063,",,suanlayouyubanfan",
2064,",,suanlayuanbaicai",
2065,",,suanliuliu",
2066,",,suanluobulaoyatang",
2067,",,suanluobutiaoshousi",
2068,",,suannaibinggan",
2069,",,suannaihongshuni",
2070,",,suannaimianbao",
2071,",,suannaipaofu",
2072,",,suannijidan",
2073,",,suannijinzhengu",
2074,",,suannitudousi",
2075,",,suanrongciyoushengcai",
2076,",,suanrongkaibeixia",
2077,",,suanrongyoumaicai",
2078,",,suanrongzhenghongxia",
2079,",,suanrongzhenglongliyu",
2080,",,suansuancao",
2081,",,suantaichaoxiaren",
2082,",,suanxiangnangua",
2083,",,suanxiangroumomianbao",
2084,",,suanxiangshengci",
2085,",,suanxiangtiandou",
2086,",,suanzishaomoyu",
2087,",,suchaojiucai",
2088,",,sucuihuangyouquqi",
2089,",,suimijiding",
2090,",,sunganshaorou",
2091,",,suniangdoufu",
2092,",,supibuding",
2093,",,supijuan",
2094,",,supipaofu",
2095,",,sushaoe",
2096,",,sushaoqiezi",
2097,",,sushibiguanyidalimian",
2098,",,taibayu",
2099,",,taifeitangbuding",
2100,",,taipinghoukui",
2101,",,taishisuanlafengzhua",
2102,",,takecai",
2103,",,tangbushuai",
2104,",,tangcucuipiyu",
2105,",,tangcudaiyu",
2106,",,tangcugulurou",
2107,",,tangcujidan",
2108,",,tangcuousi",
2109,",,tangcuyutiao",
2110,",,tangfenruanbing",
2111,",,tangluobu",
2112,",,tangmianroubing",
2113,",,tangshuangbinggan",
2114,",,tangshuangdangao",
2115,",,tangshuangjiangbing",
2116,",,tangsuan",
2117,",,tangxinludan",
2118,",,tangzihuluobu",
2119,",,tanshaokaozhujingrou",
2120,",,tatajiangjipaifan",
2121,",,tianepaofu",
2122,",,tianexiannaipaofu",
2123,",,tianjian",
2124,",,tianjingcai",
2125,",,tianlajiaojiang",
2126,",,tianluosairou",
2127,",,tianmianbao",
2128,",,tiannuoxianyumihu",
2129,",,tiansaikaoji",
2130,",,tianshuimian",
2131,",,tiansuanzhujiaojiang",
2132,",,tiantianquandangao",
2133,",,tianyuanxianxiapisa",
2134,",,tiaohutai",
2135,",,tiebanheijiaoniuliu",
2136,",,tihua",
2137,",,tingzizhou",
2138,",,tizimianbao",
2139,",,tizisongbing",
2140,",,tongseniuganjun",
2141,",,tongxinfen",
2142,",,tortelliniyimian",
2143,",,tuansuan",
2144,",,tudoujidanshousi",
2145,",,tudoukelebing",
2146,",,tudoumendoujiao",
2147,",,tudoumenjikuai",
2148,",,tudouniangjichi",
2149,",,tudouniquqibing",
2150,",,tudounishalabao",
2151,",,tudoupianchaorou",
2152,",,tudouquqibing",
2153,",,tudoushaoniurou",
2154,",,tudoushaopaigu",
2155,",,tudoushaoqiezi",
2156,",,tudoushaoyatui",
2157,",,tudoutunnangua",
2158,",,tudoutunniunan",
2159,",,tudoutunpaigu",
2160,",,tudouxiabing",
2161,",,tudouxiarenyimian",
2162,",,tufeiya",
2163,",,tunnayusanmingzhi",
2164,",,tunnayushala",
2165,",,tunsanhuangji",
2166,",,tunyudoufu",
2167,",,tuoshuihuayecai",
2168,",,turougao",
2169,",,tusipisa",toast
2170,",,tusishala",toast
2171,",,tusixiangjiaopian",toast
2172,",,tuyanyu",
2173,",,wandouchaojidan",
2174,",,wandoutang",
2175,",,wandouyuanzitang",
2176,",,wangwenmianbao",
2177,",,wangxia",
2178,",,weiduoliyajiaxindangao",
2179,",,weihua",
2180,",,weihuabing",
2181,",,weishijijiu",
2182,",,wenhachaofan",
2183,",,wosunrousi",
2184,",,wotou",
2185,",,wowotou",
2186,",,wucaidouya",
2187,",,wulongchanaicha",
2188,",,wulongchaxienaicha",
2189,",,wumeicha",
2190,",,wurenxianyuebing",mooncake
2191,",,wushangaimi",
2192,",,wutacai",
2193,",,wuweizi",
2194,",,wuxiangchahuasheng",
2195,",,wuxiangdouganchuan",
2196,",,wuxianghuashengmi",
2197,",,wuxiangjianglurou",
2198,",,wuxiangjiangniurou",
2199,",,wuxiangkaofu",
2200,",,wuxiangsuji",
2201,",,wuxiangxunyu",
2202,",,wuxiangzhuti",
2203,",,wuyoudangao",
2204,",,xiabocai",
2205,",,xiachaoxilanhua",
2206,",,xiahuaniangzhusun",
2207,",,xiandanchaokugua",
2208,",,xiandanhuangchaonangua",
2209,",,xiandanhuangjushutiao",
2210,",,xiandanhuangyuebing",mooncake
2211,",,xiandanjiecaitang",
2212,",,xiangcaimuer",
2213,",,xiangcaizhuroujiaozi",
2214,",,xiangcaokaoji",
2215,",,xiangcaoquqi",
2216,",,xiangchangchaotiandou",
2217,",,xiangchangchaowosunsi",
2218,",,xiangchangchaoxilanhua",
2219,",,xiangchangjuan",
2220,",,xiangchangmianbao",
2221,",,xiangchangpisa",
2222,",,xiangchangzhimabing",
2223,",,xiangchengdangao",
2224,",,xiangchengjiangtusi",toast
2225,",,xiangchengtusi",toast
2226,",,xiangchengxianbing",
2227,",,xiangchunbanhuangdou",
2228,",,xiangchunchaochunsun",
2229,",,xiangchunchaojidan",
2230,",,xiangchunhongdan",
2231,",,xiangcongchashaotusi",toast
2232,",,xiangconghuotuimianbao",
2233,",,xiangcongjianjidan",
2234,",,xiangcongnangua",
2235,",,xiangcongroubing",
2236,",,xiangerbinggan",
2237,",,xiangganchaohuangdouya",
2238,",,xianggubaicai",
2239,",,xiangguchaofanqie",
2240,",,xiangguchaoxihulu",
2241,",,xianggudanchaofan",
2242,",,xiangguhuntun",
2243,",,xianggujiroupisa",
2244,",,xianggumenfan",
2245,",,xiangguqingcai",
2246,",,xianggurouwantusi",toast
2247,",,xianggurouwanzhishitusi",toast
2248,",,xianggushaocaihua",
2249,",,xianggutudoutunrou",
2250,",,xiangguxilanhua",
2251,",,xiangguzhengji",
2252,",,xiangguzhengjichi",
2253,",,xiangjianchangyu",
2254,",,xiangjianjirouchuan",
2255,",,xiangjianmantou",
2256,",,xiangjianniuzigu",
2257,",,xiangjianouhe",
2258,",,xiangjiantudou",
2259,",,xiangjianyu",
2260,",,xiangjiaocaomeijiangtusi",toast
2261,",,xiangjiaochunjuan",
2262,",,xiangjiaomianbao",
2263,",,xiangjiaotaifeipai",
2264,",,xiangjiaoyanmaipian",
2265,",,xiangladoufu",
2266,",,xiangladoujiaoxianggan",
2267,",,xianglakalifan",
2268,",,xianglakaoyouyu",
2269,",,xianglaniuroupian",
2270,",,xianglarousi",
2271,",,xianglaxie",
2272,",,xianglayaroumian",
2273,",,xianglazhugan",
2274,",,xianglazhurouwanzi",
2275,",,xianglazhuti",
2276,",,xianglita",
2277,",,xiangmashousiji",
2278,",,xiangnongxiaotusi",toast
2279,",,xiangsuanchaofan",
2280,",,xiangsujiyu",
2281,",,xiangsujuan",
2282,",,xiangsumianbao",
2283,",,xiangsuoyu",
2284,",,xiangsuquqi",
2285,",,xiangsuyatui",
2286,",,xiangsuyutoupai",
2287,",,xiangtiantusi",toast
2288,",,xianguodangao",
2289,",,xiangyujuan",
2290,",,xiangzaofengzhua",
2291,",,xiangzhengfengzhua",
2292,",,xianhuabuding",
2293,",,xianiangkugua",
2294,",,xianjianbing",
2295,",,xiankaolepai",
2296,",,xianleishipin",
2297,",,xianmaxiao",
2298,",,xiannaipaofu",
2299,",,xiannaiyoupaofu",
2300,",,xianqiaoniunan",
2301,",,xianrouxiaohuntun",
2302,",,xianrouxiarenhuntun",
2303,",,xianshujiangshaoniunan",
2304,",,xiansulianou",
2305,",,xianweixia",
2306,",,xianxiamiyibao",
2307,",,xianxiapeigenpisa",
2308,",,xianxiapian",
2309,",,xianxiapisa",
2310,",,xianxiaroubing",
2311,",,xianxiarouwanpisa",
2312,",,xianxiashuijiao",
2313,",,xianxifan",
2314,",,xianzhaxiguazhi",
2315,",,xianzhayumizhi",
2316,",,xiaobinggan",
2317,",,xiaochaoji",
2318,",,xiaodangao",
2319,",,xiaojiecai",
2320,",,xiaojitang",chicken_soup
2321,",,xiaomaipeiyatusi",toast
2322,",,xiaomianbaojuan",
2323,",,xiaomidoujiang",
2324,",,xiaomihongdoujiang",
2325,",,xiaomizhengpaigu",
2326,",,xiaoxionghuangyouquqi",
2327,",,xiaoxiongsanmingzhi",
2328,",,xiaoxiongxianxiamiyibao",
2329,",,xiaoyoutiao",
2330,",,xiaozhibeidangao",
2331,",,xiapibanbocai",
2332,",,xiaqiuyimian",
2333,",,xiaqiuzuoyimian",
2334,",,xiarenbanqincai",
2335,",,xiarenchaodan",
2336,",,xiarendoufujiao",
2337,",,xiarenhuadan",
2338,",,xiarensanmingzhi",
2339,",,xiarenshuijiao",
2340,",,xiarenzhengnangua",
2341,",,xiaweiyiboluoyouyibao",
2342,",,xiazhou",
2343,",,xiazhufensi",
2344,",,xiebangdanbing",
2345,",,xiepicai",
2346,",,xiexingkaobing",
2347,",,xiguasansetusi",toast
2348,",,xiguatusi",toast
2349,",,xihongshichaodan",
2350,",,xihongshichaodoufu",
2351,",,xihongshichaoxiaren",
2352,",,xihongshijidantang",
2353,",,xihongshishaodoufu",
2354,",,xihulumianbao",
2355,",,xilan",
2356,",,xilanhuachaohuluobu",
2357,",,xingbaogukouxilanhua",
2358,",,xingkongqiaokeli",
2359,",,xingrenbinggan",
2360,",,xingrendangao",
2361,",,xingrenquqi",
2362,",,xingrenxiaobinggan",
2363,",,xinxingmeiguiquqi",
2364,",,xinyangmaojian",
2365,",,xiqinbaihe",
2366,",,xiqinbaihechaoyaoguo",
2367,",,xiqinchaoshanyao",
2368,",,xiqinchaoxianggan",
2369,",,xiqubaijiangyidalimian",
2370,",,xiuqiubing",
2371,",,xiyangcanwujitang",chicken_soup
2372,",,xizhikaotudou",
2373,",,xuanbing",
2374,",,xuecaichaodongsun",
2375,",,xuelixiangjiaozhi",
2376,",,xueliyinergeng",
2377,",,xuelizhugutang",
2378,",,xuemeiniang",
2379,",,xuepabingjilin",
2380,",,xuexia",
2381,",,xueyuqiantingyibao",
2382,",,xueyuyibao",
2383,",,xunrou",
2384,",,yacong",
2385,",,yaguojizhua",
2386,",,yajiangchaoniuroupian",
2387,",,yajiao",
2388,",,yanboyu",
2389,",,yandangmaofeng",
2390,",,yang",
2391,",,yangcongbanmuer",
2392,",,yangcongchaotudoupian",
2393,",,yangcongchaoxuehuaniurou",
2394,",,yangcongchaoyouyuxu",
2395,",,yangcongniurousi",
2396,",,yangcongroujuan",
2397,",,yangroubanmian",
2398,",,yangroubao",
2399,",,yangrouhuluobushuijiao",
2400,",,yangroushuijiao",
2401,",,yanmaitusi",toast
2402,",,yanshiluobugao",
2403,",,yanshiqiaokeli",
2404,",,yanshuimaodou",
2405,",,yanshuixiyangcai",
2406,",,yanshuiyagan",
2407,",,yansuji",
2408,",,yanxunsanwenyuyimian",
2409,",,yaoguoniuyatang",
2410,",,yaoguosubing",
2411,",,yaoguoxiaren",
2412,",,yaohua",
2413,",,yaqianyangrouchuan",
2414,",,yasuobing",
2415,",,yaxiedoufutang",
2416,",,yaxiefensitang",
2417,",,yazhangtang",
2418,",,yeguodannaishasi",
2419,",,yejiaobai",
2420,",,yelusalenghunkaorou",
2421,",,yenaidong",
2422,",,yenaixia",
2423,",,yeqiao",
2424,",,yerongdatusi",toast
2425,",,yerongfanggao",
2426,",,yerongtusi",toast
2427,",,yerongyaoguosu",
2428,",,yerongyuebing",mooncake
2429,",,yesimianbao",
2430,",,yetiaozi",
2431,",,yexiangbaitusi",toast
2432,",,yexiangmianbao",
2433,",,yezhiximigao",
2434,",,yidaliganluomianhebocai",
2435,",,yidaliqiancai",
2436,",,yidalitongxinfen",
2437,",,yifenhuomiantiao",
2438,",,yijianshibocaitusi",toast
2439,",,yimiantongxinfen",
2440,",,yiming",
2441,",,yimishanyaozhou",
2442,",,yinergedantang",
2443,",,yinerlianzitang",
2444,",,yinermuguageng",
2445,",,yinertang",
2446,",,yinertunmugua",
2447,",,yinerxueligeng",
2448,",,yinerxuelitang",
2449,",,yingbao*5410*",
2450,",,yinglunhuangyouquqi",
2451,",,yingshimeiguinaicha",
2452,",,yingtaobingqilin",
2453,",,yingtaodangao",
2454,",,yingtaoguodong",
2455,",,yingtaoguojiang",
2456,",,yingtaorou",
2457,",,yingtaota",
2458,",,yingwuhua",
2459,",,yingzhishi",
2460,",,yingzuidouchaosanding",
2461,",,yinxueyupeiningzhi",
2462,",,yinyudangeng",
2463,",,yinyujiandan",
2464,",,yishimalingshuwanzi",
2465,",,yishixianxiarouwanpisa",
2466,",,yiwoyang",
2467,",,yongxihuoqing",
2468,",,youcaichaohongshaorou",
2469,",,youcaiyuwantang",
2470,",,youcuzhishucaishala",
2471,",,youdoufushaorou",
2472,",,youfeng",
2473,",,youjidami",
2474,",,youmianjinsairou",
2475,",,youpoliyu",
2476,",,youxiangmianbaobuding",
2477,",,youyuchaoxilanhua",
2478,",,youyujuan",
2479,",,youzhatiantianquan",
2480,",,youzhatudoupian",
2481,",,youzhaxia",
2482,",,yuananhuangcha",
2483,",,yuanfei",
2484,",,yuanweinaicha",
2485,",,yuanweipaofu",
2486,",,yuerji",
2487,",,yugudoufutang",
2488,",,yumibang",
2489,",,yumifagao",
2490,",,yumijidanbing",
2491,",,yumilarouding",
2492,",,yumimianbing",
2493,",,yumimiantiao",
2494,",,yumimianzhou",
2495,",,yumiqingdoujiding",
2496,",,yumitunpaigu",
2497,",,yumizhazhou",
2498,",,yumizhou",
2499,",,yundoujuan",
2500,",,yunninanaixiangquqi",
2501,",,yupianzhengdan",
2502,",,yutoupaobing",
2503,",,yuxiangdoufu",
2504,",,yuxiangfengzhua",
2505,",,yuxianghongdan",
2506,",,yuxiangjiangdou",
2507,",,yuxiangwosunrousi",
2508,",,yuxingcaochaolarou",
2509,",,yuzijiangsanwenyuyimian",
2510,",,zajianglengmian",
2511,",,zaliangfan",
2512,",,zaliangjianbing",
2513,",,zaliangyangshengzhou",
2514,",,zaofangfuruchaobaicai",
2515,",,zaojichi",
2516,",,zaonijuhuasu",
2517,",,zaonisongbing",
2518,",,zaoru",
2519,",,zaozimian",
2520,",,zashudoufupai",
2521,",,zhacaichaorousi",
2522,",,zhacairousitang",
2523,",,zhacaisidoufu",
2524,",,zhaguantangwanzi",
2525,",,zhajiangsi",
2526,",,zhajisi",
2527,",,zhaoshaozhi",
2528,",,zhashucaiwanzi",
2529,",,zhatianmiantuan",
2530,",,zhatudoutiao",
2531,",,zhatudouwanzi",
2532,",,zhawanzi",
2533,",,zhaxiangsi",
2534,",,zhaxiashousijuan",
2535,",,zhayubao",
2536,",,zhayushutiao",
2537,",,zhengdangao",
2538,",,zhenghuaihua",
2539,",,zhengjichi",
2540,",,zhengkaoxia",
2541,",,zhenglongliyu",
2542,",,zhengmiantiao",
2543,",,zhengmoyujuan",
2544,",,zhengshanxiaochong",
2545,",,zhengyuqian",
2546,",,zhenliangyu",
2547,",,zhensha",
2548,",,zhenshao",
2549,",,zhenzhudoufu",
2550,",,zhenzhuyuanzi",
2551,",,zhimabinggan",
2552,",,zhimahongtangzhenggao",
2553,",,zhimahuashengdoujiang",
2554,",,zhimajiangshaobing",
2555,",,zhimashaobing",
2556,",,zhimaxiaomianbao",
2557,",,zhishaojikuai",
2558,",,zhishibing",
2559,",,zhishichaofan",
2560,",,zhishijuhongxia",
2561,",,zhishimianbao",
2562,",,zhishixiaqiu",
2563,",,zhiweicuitusi",toast
2564,",,zhixinzhupai",
2565,",,zhizunpisa",
2566,",,zhizunshuangxianpisa",
2567,",,zhongchongheizhimatusi",toast
2568,",,zhongdongkaoroufan",
2569,",,zhongdongkaoyangroubingtang",
2570,",,zhongdongrouqiu",
2571,",,zhongdongtudouliaoli",
2572,",,zhongruluodangao",
2573,",,zhongshigaotang",
2574,",,zhongshiluosongtang",
2575,",,zhu",
2576,",,zhuancha",
2577,",,zhuduji",
2578,",,zhuduyazhangtang",
2579,",,zhugeda",
2580,",,zhugubaolingshutang",
2581,",,zhuguliweihua",
2582,",,zhugutudoutang",
2583,",,zhuhan",
2584,",,zhujiaojiang",
2585,",,zhujiaxin",
2586,",,zhujie",
2587,",,zhujiecao",
2588,",,zhumaocai",
2589,",,zhuroubaozi",
2590,",,zhuroujiaozi",
2591,",,zhurouxianbaozi",
2592,",,zhurouyundoubaozi",
2593,",,zhusunjitang",chicken_soup
2594,",,zhutansanmingzhi",
2595,",,zhutantusi",toast
2596,",,zhutimenhuangdou",
2597,",,zhutourou",
2598,",,zhutudou",
2599,",,zhuzhengmenluobu",
2600,",,zicaimian",
2601,",,zicaisu",
2602,",,zicaixiaoyangfen",
2603,",,ziganlanzhacaijiang",
2604,",,zimihuashengzhou",
2605,",,zimizhou",
2606,",,zirankaochigen",
2607,",,zirankaojincangyu",
2608,",,ziranxiaotudou",
2609,",,ziranzhishixia",
2610,",,ziranzhupai",
2611,",,zishudanhuangsu",
2612,",,zishufengweishousi",
2613,",,zishugao",
2614,",,zishumianbao",
2615,",,zishunuomibing",
2616,",,zishuqiancengtusi",toast
2617,",,zishuqiu",
2618,",,zishushuangsetusi",toast
2619,",,zishutusi",toast
2620,",,zishuxiaodangao",
2621,",,zishuxiaomianbao",
2622,",,zishuzhou",
2623,",,zisuchaohali",
2624,",,zizhiliangfen",
